msa,Population,Unemployment (%),Remote (%),Travel_Time,Household_Income,Worker_Income,msa_id,latitude,longitude,Total_Homes,Occupied_Homes,Vacant_Homes,Vacant_Homes_Percent
"Aberdeen, SD Micro Area",42292,3.5,6.0,13.9,70693,40136,10100,45.5832968,-98.3674786,19825,17676,2149,10.83984867591425
"Aberdeen, WA Micro Area",75672,6.4,8.4,24.0,59105,35642,10140,47.1744169,-123.8658829,36058,29869,6189,17.16401353375118
"Abilene, TX Metro Area",176656,2.8,7.0,18.2,61924,33841,10180,32.2810409,-99.3612437,74341,65806,8535,11.480878653771136
"Ada, OK Micro Area",38116,4.3,3.2,17.9,59457,39638,10220,34.707331,-96.6814853,17406,15179,2227,12.794438699299093
"Adrian, MI Micro Area",99263,5.6,7.3,26.8,65484,35277,10300,41.8735258,-84.0624323,43577,38581,4996,11.464763522041444
"Akron, OH Metro Area",700578,5.3,11.0,23.8,68647,40173,10420,41.1496775,-81.2082,317145,294385,22760,7.176528086521938
"Alamogordo, NM Micro Area",67850,9.6,4.8,22.2,50833,31191,10460,32.5059533,-105.8063662,32210,25932,6278,19.49084135361689
"Albany, GA Metro Area",147716,8.1,5.2,22.4,53173,35068,10500,31.5426984,-84.1960829,66756,59070,7686,11.513571813769548
"Albany-Schenectady-Troy, NY Metro Area",901729,5.0,11.7,23.4,83360,47144,10580,42.5986896,-73.9843997,417490,376039,41451,9.928621044815443
"Albemarle, NC Micro Area",62723,4.3,6.4,28.2,60634,36537,10620,35.3235477,-80.2391366,27685,24742,2943,10.630305219432906
"Albert Lea, MN Micro Area",30857,4.4,6.8,20.3,65679,41769,10660,43.6763617,-93.3501681,14114,13076,1038,7.354399886637382
"Albertville, AL Micro Area",97923,3.8,5.7,25.3,58272,34543,10700,34.3396046,-86.3301801,41245,37257,3988,9.66905079403564
"Albuquerque, NM Metro Area",915968,5.7,11.1,24.4,63971,37907,10740,35.0349239,-106.6870693,395152,367863,27289,6.905950115398632
"Alexander City, AL Micro Area",51580,9.3,4.3,28.5,53054,33632,10760,32.8595687,-85.8023774,28685,21827,6858,23.907965835802685
"Alexandria, LA Metro Area",151721,5.5,3.7,24.5,55650,35377,10780,31.5748918,-92.5730029,66906,59091,7815,11.680566765312529
"Alexandria, MN Micro Area",39081,3.1,9.9,20.2,72472,41751,10820,45.9340479,-95.4627651,21769,16557,5212,23.94230327529974
"Alice, TX Micro Area",49020,5.9,7.4,26.6,46922,34092,10860,26.9879856,-98.2071041,20552,17271,3281,15.964383028415726
"Allentown-Bethlehem-Easton, PA-NJ Metro Area",863166,5.5,10.4,27.4,78597,42538,10900,40.8602222,-74.9720493,358023,334162,23861,6.664655622683459
"Alma, MI Micro Area",41534,4.9,6.9,24.6,57934,32140,10940,43.2903117,-84.6098023,16032,14764,1268,7.909181636726546
"Alpena, MI Micro Area",28911,7.4,7.0,17.7,49133,30486,10980,45.0176181,-83.6670019,15645,12901,2744,17.539149888143175
"Altoona, PA Metro Area",122640,4.2,5.5,20.4,59386,36790,11020,40.4870748,-78.3682329,55700,51227,4473,8.03052064631957
"Altus, OK Micro Area",24776,4.2,3.4,13.8,60954,36908,11060,34.5976018,-99.4370196,12017,9795,2222,18.490471831571934
"Amarillo, TX Metro Area",269278,3.1,5.6,19.6,64147,38681,11100,34.9295608,-101.3449139,113641,102068,11573,10.183824499960402
"Americus, GA Micro Area",33943,6.1,7.2,20.9,39867,31966,11140,32.2478949,-84.3175516,15419,13411,2008,13.022893832284844
"Ames, IA Metro Area",125273,4.7,9.6,18.8,68107,29856,11180,42.0171798,-93.9254114,53282,49254,4028,7.559776284673998
"Amsterdam, NY Micro Area",49624,5.9,7.6,24.5,58033,37222,11220,42.8941269,-74.4099745,22857,19968,2889,12.63945399658748
"Anchorage, AK Metro Area",399335,5.6,8.9,22.9,93016,48129,11260,61.2163129,-149.894852,169717,147723,21994,12.9592203491695
"Andrews, TX Micro Area",18362,2.7,2.6,25.4,86458,46109,11380,32.2690953,-102.6042447,7020,6262,758,10.797720797720798
"Angola, IN Micro Area",34507,7.1,3.6,21.8,68837,35365,11420,41.6414101,-85.0023642,18837,13766,5071,26.92042257259649
"Ann Arbor, MI Metro Area",370231,4.7,17.8,23.6,84245,39045,11460,42.2582044,-83.8440853,156882,147847,9035,5.759105569791308
"Anniston-Oxford, AL Metro Area",116162,6.9,3.2,24.8,54339,31580,11500,33.7514505,-85.8315666,53052,46437,6615,12.468898439267134
"Appleton, WI Metro Area",242972,2.9,9.4,20.7,79958,46096,11540,44.0751086,-88.2144321,100642,96790,3852,3.827427912799825
"Arcadia, FL Micro Area",34258,9.7,6.4,27.7,45000,30312,11580,27.190253,-81.8244232,15548,11941,3607,23.19912528942629
"Ardmore, OK Micro Area",58360,4.4,3.4,20.3,56968,35892,11620,34.2330314,-97.2789479,26264,22933,3331,12.682759671032592
"Arkadelphia, AR Micro Area",21469,4.1,5.4,21.3,48071,23631,11660,34.0541966,-93.198963,9977,8170,1807,18.111656810664527
"Asheville, NC Metro Area",469484,3.5,11.9,21.9,64538,36160,11700,35.6292222,-82.5255603,231509,201667,29842,12.890211611643606
"Ashland, OH Micro Area",52522,3.7,5.7,23.3,62254,34421,11740,40.7887367,-82.2360391,22471,20700,1771,7.881269191402252
"Astoria, OR Micro Area",41190,4.8,10.1,21.1,68025,37993,11820,45.980728,-123.6687499,23017,17533,5484,23.82586783681627
"Atchison, KS Micro Area",16309,4.5,6.5,20.7,55281,26470,11860,39.545816,-95.3326052,6814,6109,705,10.346345758732022
"Athens, OH Micro Area",61276,5.7,9.2,22.8,48750,20492,11900,39.355589,-82.0610404,26386,23696,2690,10.194800272871978
"Athens, TN Micro Area",53532,5.3,4.9,23.3,57982,37768,11940,35.444223,-84.624875,23934,21340,2594,10.83813821342024
"Athens, TX Micro Area",82627,5.5,7.8,29.8,59778,35433,11980,32.182598,-95.7893178,40643,32748,7895,19.42523927859656
"Athens-Clarke County, GA Metro Area",216194,4.9,10.6,23.7,59130,31191,12020,33.9597677,-83.376398,89257,83071,6186,6.930548864514828
"Atlantic City-Hammonton, NJ Metro Area",274339,8.3,7.2,25.5,73113,38183,12100,39.5143268,-74.6632883,132038,106716,25322,19.17781244793165
"Auburn, IN Micro Area",43312,4.3,3.8,20.6,68110,40324,12140,41.3991456,-85.001244,18096,16868,1228,6.786030061892132
"Auburn, NY Micro Area",76171,4.3,6.4,23.1,63227,41123,12180,42.8093409,-76.5700777,36660,31328,5332,14.544462629569011
"Auburn-Opelika, AL Metro Area",175126,3.8,7.2,22.0,59288,34621,12220,32.5814796,-85.3077038,74856,68728,6128,8.18638452495458
"Augusta-Richmond County, GA-SC Metro Area",612898,6.4,7.3,24.1,62941,36286,12260,33.0482247,-81.9575983,263559,238635,24924,9.456706088579786
"Augusta-Waterville, ME Micro Area",124003,4.1,12.0,23.9,62118,39393,12300,44.4184616,-69.8250659,62607,53223,9384,14.988739278355457
"Austin, MN Micro Area",40082,3.2,5.9,19.6,66972,42388,12380,43.6832277,-92.753704,16928,15700,1228,7.254253308128544
"Bainbridge, GA Micro Area",29063,6.4,2.1,20.3,47383,34886,12460,30.8736613,-84.5740953,13036,11466,1570,12.043571647744706
"Baltimore-Columbia-Towson, MD Metro Area",2840005,4.9,13.8,30.3,94167,54270,12580,38.9722583,-76.573454,1190095,1100767,89328,7.505955406921296
"Bangor, ME Metro Area",152640,4.3,9.4,22.6,59438,36303,12620,45.2930166,-68.5957766,74878,64250,10628,14.193755175084805
"Baraboo, WI Micro Area",65664,2.8,7.7,22.8,72930,41327,12660,43.4401728,-89.9653841,30784,27094,3690,11.98674636174636
"Barnstable Town, MA Metro Area",229436,4.5,13.1,25.0,90447,45362,12700,41.7016936,-70.3036163,164885,103368,61517,37.30903356885102
"Barre, VT Micro Area",59768,3.0,15.9,23.4,77278,44997,12740,44.2690924,-72.6146505,30645,25842,4803,15.673029858051883
"Bartlesville, OK Micro Area",52579,3.8,5.2,20.2,59426,35296,12780,36.6930592,-95.9078261,23713,21071,2642,11.141567916332813
"Batavia, NY Micro Area",58204,4.7,5.3,23.4,68178,41080,12860,43.0102726,-78.1780196,26013,24213,1800,6.919617114519664
"Batesville, AR Micro Area",55332,5.5,4.3,20.8,48875,30717,12900,35.718344,-91.55326,26166,22290,3876,14.81311625773905
"Baton Rouge, LA Metro Area",869755,6.5,5.9,27.4,67979,41016,12940,30.2116442,-90.9186104,375423,333688,41735,11.11679359016363
"Battle Creek, MI Metro Area",134011,6.8,6.4,20.6,58191,36554,12980,42.2461339,-85.0229223,59518,54406,5112,8.588998286232737
"Bay City, MI Metro Area",103752,4.8,6.8,23.1,57887,35737,13020,43.6957567,-83.9402747,48562,45005,3557,7.324657139327045
"Bay City, TX Micro Area",36251,6.7,2.9,24.9,56412,36310,13060,28.8879823,-96.0035095,18476,13716,4760,25.763152197445333
"Beatrice, NE Micro Area",21654,2.0,7.0,22.5,60035,37693,13100,40.2469449,-96.7021336,10327,9284,1043,10.099738549433525
"Beaumont-Port Arthur, TX Metro Area",396279,5.4,2.9,22.7,62427,39368,13140,30.3049642,-94.403904,169646,150085,19561,11.53048111950768
"Beaver Dam, WI Micro Area",89032,4.1,6.5,23.5,71747,42484,13180,43.413614,-88.7177834,38123,35437,2686,7.0456155076987645
"Beckley, WV Metro Area",114848,7.2,5.1,26.2,48859,33872,13220,38.0331608,-81.0722238,53670,46767,6903,12.86193404136389
"Bedford, IN Micro Area",45113,3.3,4.4,26.1,64210,36700,13260,38.8400395,-86.4880717,20484,18542,1942,9.480570201132592
"Beeville, TX Micro Area",30977,6.4,4.6,22.1,50283,31646,13300,28.3871179,-97.7191838,10562,8896,1666,15.773527740958151
"Bellefontaine, OH Micro Area",46098,3.5,6.6,22.2,69125,40195,13340,40.4430521,-83.7414465,23657,19062,4595,19.423426469966607
"Bellingham, WA Metro Area",226523,4.9,11.3,21.9,77581,40626,13380,48.8107819,-121.8828175,100064,90123,9941,9.934641829229292
"Bemidji, MN Micro Area",46274,5.4,7.8,21.1,62173,34643,13420,47.9978537,-94.8799011,21271,17678,3593,16.891542475671102
"Bend, OR Metro Area",199352,5.2,17.9,19.9,82042,41848,13460,44.1460291,-120.3839476,94110,80217,13893,14.762511954096269
"Bennington, VT Micro Area",37326,4.2,14.3,19.3,68558,38505,13540,43.0125713,-73.1473048,20815,15699,5116,24.57842901753543
"Big Rapids, MI Micro Area",40128,5.5,5.4,23.5,54132,28952,13660,43.6375503,-85.3168199,20884,16013,4871,23.324075847538783
"Big Spring, TX Micro Area",34488,5.2,2.4,21.4,67243,41460,13700,32.3047833,-101.4271085,14000,11674,2326,16.614285714285714
"Billings, MT Metro Area",185147,3.5,7.3,19.7,72377,39187,13740,45.2050058,-109.1434792,82822,76049,6773,8.17777885102992
"Binghamton, NY Metro Area",246709,6.7,7.0,20.6,61271,36259,13780,42.1455623,-75.8404114,114356,101966,12390,10.834586729161568
"Bismarck, ND Metro Area",133467,2.6,6.9,18.4,81846,46963,13900,46.9498874,-100.5127667,58711,54514,4197,7.1485752244042855
"Blackfoot, ID Micro Area",48253,6.1,6.1,22.8,69433,32815,13940,43.1881598,-112.3598354,16905,15891,1014,5.998225377107365
"Bloomington, IL Metro Area",171284,3.2,13.3,18.3,75356,40997,14010,40.4631789,-88.8196613,74855,69096,5759,7.693540845634894
"Bloomington, IN Metro Area",161426,5.7,12.3,22.2,59998,29293,14020,39.1296076,-86.5186372,73401,66913,6488,8.839116633288373
"Bluefield, WV-VA Micro Area",106163,4.7,4.5,23.9,47294,35240,14140,37.1236041,-81.5684129,52335,44827,7508,14.346039935033916
"Blytheville, AR Micro Area",40361,9.8,2.3,19.1,50012,33463,14180,35.7547987,-90.0875933,19075,16036,3039,15.931847968545217
"Bogalusa, LA Micro Area",45514,10.5,2.9,32.8,41803,27828,14220,30.8337523,-90.0721467,21341,17944,3397,15.917717070427814
"Boise City, ID Metro Area",771602,3.3,13.2,22.7,78138,39287,14260,43.4136539,-116.2367421,295639,280112,15527,5.252013435304543
"Bonham, TX Micro Area",36052,4.7,11.0,31.7,65835,40507,14300,33.5372542,-96.0902822,14640,12857,1783,12.17896174863388
"Boone, NC Micro Area",54540,9.3,8.9,20.0,50034,20673,14380,36.2228105,-81.6863808,32637,21413,11224,34.390415785764624
"Borger, TX Micro Area",20595,4.3,2.5,20.4,62211,35030,14420,35.8148236,-101.34844,10166,8171,1995,19.62423765492819
"Boston-Cambridge-Newton, MA-NH Metro Area",4912449,5.0,16.3,30.8,107117,56419,14460,42.6762973,-70.9486776,2032387,1912456,119931,5.900992281489697
"Boulder, CO Metro Area",328658,4.4,24.4,23.4,99770,44878,14500,40.102555,-105.3632079,140848,132551,8297,5.890747472452573
"Bowling Green, KY Metro Area",180624,5.2,5.3,22.4,60914,33030,14540,36.7528961,-86.1924103,77863,69245,8618,11.06815817525654
"Bradford, PA Micro Area",40459,5.3,4.4,20.7,57861,35008,14620,41.8019737,-78.5769879,19416,16470,2946,15.173053152039556
"Brainerd, MN Micro Area",96846,5.4,9.7,23.1,64975,37292,14660,47.0234117,-94.3454604,65440,40486,24954,38.132640586797066
"Branson, MO Micro Area",56202,5.1,8.4,23.8,54467,27193,14700,36.6563729,-93.0665776,29391,22486,6905,23.493586472049262
"Breckenridge, CO Micro Area",30955,3.7,19.3,19.9,100611,47086,14720,39.2056525,-106.342801,31342,12939,18403,58.71673792355306
"Bremerton-Silverdale-Port Orchard, WA Metro Area",275411,4.7,11.6,29.3,93675,47231,14740,47.594502,-122.6474421,113248,105803,7445,6.574067533201469
"Brenham, TX Micro Area",35807,2.7,7.2,21.2,70043,37523,14780,30.2226352,-96.3936114,16838,13906,2932,17.41299441738924
"Brevard, NC Micro Area",33131,4.0,10.0,22.1,62056,33955,14820,35.1982216,-82.7724889,19025,14385,4640,24.388961892247043
"Brookhaven, MS Micro Area",34855,4.3,3.0,27.6,47069,34863,15020,31.4885409,-90.4480916,15744,13939,1805,11.464684959349594
"Brookings, OR Micro Area",23404,7.2,16.4,17.1,64300,37989,15060,42.4265426,-124.216879,13018,10953,2065,15.86265171301275
"Brookings, SD Micro Area",34631,3.9,9.9,14.3,64438,32169,15100,44.3763598,-96.7925213,14849,13120,1729,11.643881742878309
"Brownsville-Harlingen, TX Metro Area",421854,5.7,7.2,20.3,47435,28441,15180,26.1291189,-97.4134281,154905,132507,22398,14.459184661566768
"Brownwood, TX Micro Area",38159,3.8,4.2,18.1,53792,33926,15220,31.7525184,-98.9904722,18897,15074,3823,20.23072445361698
"Buffalo-Cheektowaga, NY Metro Area",1163462,5.1,9.4,21.5,67638,42363,15380,42.7164263,-78.7620327,538903,495456,43447,8.062118785755507
"Burley, ID Micro Area",46485,3.1,5.3,16.3,63555,34466,15420,42.2219306,-113.5777087,17056,15870,1186,6.953564727954972
"Burlington, IA-IL Micro Area",45198,3.6,4.2,18.3,58890,36890,15460,40.8156124,-90.9104547,22139,19585,2554,11.536203080536607
"Burlington, NC Metro Area",171779,5.0,8.4,25.9,60866,37142,15500,36.0702678,-79.3992505,73385,67925,5460,7.440212577502214
"Burlington-South Burlington, VT Metro Area",225745,3.8,14.1,22.8,86183,44211,15540,44.4531756,-73.0673673,100992,92140,8852,8.765050697084918
"Butte-Silver Bow, MT Micro Area",35306,4.6,6.4,16.6,56297,32641,15580,45.9009106,-112.6788845,17247,15450,1797,10.419203339711254
"Cadillac, MI Micro Area",48855,6.5,4.8,23.0,58374,34353,15620,44.336979,-85.1070535,25033,19533,5500,21.97099828226741
"Calhoun, GA Micro Area",57785,3.0,6.5,23.4,57555,36385,15660,34.5019651,-84.8986308,22736,21210,1526,6.711822660098522
"Cambridge, MD Micro Area",32557,5.5,6.8,26.5,57490,34958,15700,38.3930694,-76.0995677,16383,13721,2662,16.248550326558018
"Cambridge, OH Micro Area",38409,4.6,3.1,22.9,53901,34202,15740,40.0802222,-81.4859433,19009,16100,2909,15.303277394918195
"Camden, AR Micro Area",27379,6.9,1.7,23.1,50152,34051,15780,33.5556787,-92.5143633,14281,11963,2318,16.231356347594705
"Campbellsville, KY Micro Area",37254,6.1,9.3,24.7,56136,33829,15820,37.2433976,-85.5346302,16469,14777,1692,10.27384783532698
"Canton-Massillon, OH Metro Area",400960,4.3,9.0,22.1,62859,37323,15940,40.5250362,-81.0927234,180194,166457,13737,7.62345028136342
"Cape Coral-Fort Myers, FL Metro Area",772902,4.5,11.4,27.9,69368,37291,15980,26.5999265,-81.8823135,416332,318303,98029,23.545872044426083
"Cape Girardeau, MO-IL Metro Area",97622,3.6,6.6,21.6,62671,34117,16020,37.1801529,-89.3502834,43679,39105,4574,10.471851461800863
"Carlsbad-Artesia, NM Micro Area",61264,4.2,5.6,19.9,77458,45105,16100,32.4003136,-104.345259,26277,22751,3526,13.418578985424515
"Carroll, IA Micro Area",20728,1.9,6.0,14.3,68041,42114,16140,42.0193628,-94.860335,9490,8764,726,7.650158061116966
"Carson City, NV Metro Area",58249,4.7,6.9,21.1,67465,38574,16180,39.1663259,-119.7670374,24564,23419,1145,4.661292949031102
"Casper, WY Metro Area",79506,3.5,7.9,17.6,69104,41776,16220,42.9487008,-106.8465639,36808,32699,4109,11.163334057813518
"Cedar City, UT Micro Area",58068,3.3,9.9,15.9,63005,28518,16260,37.8546136,-113.2867347,21752,18731,3021,13.888378080176537
"Cedar Rapids, IA Metro Area",275693,3.6,11.4,19.9,75477,43889,16300,42.0599693,-92.0776319,121177,113146,8031,6.627495316768034
"Cedartown, GA Micro Area",43019,4.8,4.6,30.2,51956,35446,16340,33.9981581,-85.1567475,17274,15999,1275,7.381035081625564
"Celina, OH Micro Area",42321,2.0,3.2,19.0,73278,41794,16380,40.4367866,-84.6109122,17888,16288,1600,8.94454382826476
"Centralia, IL Micro Area",37543,8.1,4.8,19.8,59099,35632,16460,38.6477381,-88.9232112,17358,15620,1738,10.012674271229404
"Centralia, WA Micro Area",82663,6.3,7.5,28.0,67247,39823,16500,46.589237,-122.38435711983146,35412,31693,3719,10.502089687111711
"Champaign-Urbana, IL Metro Area",223223,4.8,11.2,17.7,62281,34714,16580,40.1346857,-88.1975558,100435,91237,9198,9.158161995320356
"Charleston, WV Metro Area",257927,5.8,7.0,24.8,54473,37324,16620,37.9970331,-81.71439487504695,126770,111213,15557,12.271830874812654
"Charleston-Mattoon, IL Micro Area",57523,6.0,6.0,18.4,56476,31830,16660,39.5266741,-88.2184999,27467,24137,3330,12.123639276222375
"Charleston-North Charleston, SC Metro Area",803398,4.1,10.7,27.1,77460,44726,16700,33.1595951,-79.9070461,360115,319353,40762,11.319161934382072
"Charlotte-Concord-Gastonia, NC-SC Metro Area",2668688,4.7,16.1,26.8,76177,43712,16740,34.9705848,-80.0958187,1108163,1034018,74145,6.69080270682201
"Charlottesville, VA Metro Area",221648,3.6,16.9,23.7,86188,44024,16820,38.0085107,-78.6086754,98166,87743,10423,10.61772915265978
"Chattanooga, TN-GA Metro Area",564466,4.5,10.2,23.8,65387,38547,16860,34.8911137,-85.131315,247266,225594,21672,8.76465021474849
"Cheyenne, WY Metro Area",100316,3.5,7.5,17.2,76282,43148,16940,41.2737321,-104.7268231,44181,41433,2748,6.219868269165478
"Chico, CA Metro Area",213605,7.1,10.7,21.4,66085,34068,17020,39.6519275,-121.5858444,90133,83268,6865,7.616522250452109
"Chillicothe, OH Micro Area",76957,5.7,3.9,27.4,58048,40373,17060,39.3455507,-83.077359,32066,29386,2680,8.357762115636499
"Cincinnati, OH-KY-IN Metro Area",2253528,4.4,11.2,25.1,76247,43318,17140,39.1340338,-84.9820997,957458,890439,67019,6.999680403735725
"Clarksburg, WV Micro Area",90311,6.0,6.2,24.0,55838,37121,17220,39.2632436,-80.7299566,41162,36794,4368,10.611729264855937
"Clarksdale, MS Micro Area",21264,10.8,7.4,19.9,36075,26851,17260,34.1931314,-90.5653906,10162,8452,1710,16.827396181853967
"Clarksville, TN-KY Metro Area",322949,6.2,5.5,25.2,62188,37192,17300,36.8778665,-87.5014545,129115,117514,11601,8.985013360182782
"Clearlake, CA Micro Area",68024,10.4,14.6,31.0,56259,34898,17340,39.0505411,-122.7776556,34220,27622,6598,19.281122150789013
"Cleveland, MS Micro Area",30688,7.4,2.6,19.2,37845,28382,17380,33.7702263,-90.8519798,13628,11994,1634,11.99002054593484
"Cleveland, TN Metro Area",126479,5.7,5.6,24.0,60001,35346,17420,35.1694469,-84.855938,53342,49007,4335,8.126804394285928
"Clewiston, FL Micro Area",39902,5.8,5.5,30.2,49259,31904,17500,26.9328123,-81.1895983,14971,12644,2327,15.54338387549262
"Clinton, IA Micro Area",46488,4.4,5.8,20.0,61080,38631,17540,41.9054695,-90.5599971,21517,19483,2034,9.452990658549057
"Clovis, NM Micro Area",48327,7.9,2.7,16.6,55427,33649,17580,34.5220133,-103.3099435,21102,18563,2539,12.032034878210595
"Coeur d'Alene, ID Metro Area",173396,3.1,11.7,22.5,71949,38621,17660,47.654857,-116.7162916,74736,67278,7458,9.9791265253693
"Coldwater, MI Micro Area",44795,4.9,5.0,22.1,60600,35925,17740,41.916753,-85.0649374,20749,16780,3969,19.12863270519061
"College Station-Bryan, TX Metro Area",269418,4.7,8.6,19.0,58659,30267,17780,30.6993189,-96.3497772,114483,99027,15456,13.500694426246692
"Colorado Springs, CO Metro Area",755081,5.6,13.4,23.8,82334,42128,17820,38.8287435,-104.5253456,300775,283304,17471,5.808660959188763
"Columbia, MO Metro Area",211078,4.0,7.5,19.7,65863,36007,17860,39.0153926,-92.3307534,91485,83927,7558,8.261463627917145
"Columbia, SC Metro Area",831913,5.7,8.2,25.1,63471,37617,17900,33.6567769,-80.7603948,366298,331048,35250,9.623312166596596
"Columbus, GA-AL Metro Area",326159,6.9,6.8,22.2,55720,35064,17980,32.2698458,-85.1959487,143697,128919,14778,10.28413954362304
"Columbus, IN Metro Area",82371,3.6,10.8,19.7,76912,43250,18020,39.1914156,-85.8204601,35317,32607,2710,7.673358439278534
"Columbus, MS Micro Area",58547,6.2,5.0,20.8,53687,36270,18060,33.4466925,-88.4108384,26882,23680,3202,11.911316122312329
"Columbus, NE Micro Area",34219,1.9,5.3,14.1,69943,40662,18100,41.5738643,-97.0828487,14094,13313,781,5.541365119909181
"Columbus, OH Metro Area",2137223,4.2,14.3,23.9,76541,44805,18140,40.2317686,-82.9651045,902082,841636,60446,6.700721220465546
"Concord, NH Micro Area",153918,3.6,12.1,26.8,88806,46674,18180,43.3260376,-71.6854725,65565,60420,5145,7.847174559597346
"Connersville, IN Micro Area",23391,4.5,3.3,27.7,52219,34324,18220,39.619235,-85.179378,10886,9720,1166,10.711004960499723
"Cookeville, TN Micro Area",114463,4.6,6.4,23.2,52638,33232,18260,36.362299,-85.6654772,51443,46179,5264,10.232684719009388
"Cordele, GA Micro Area",20255,8.2,6.5,20.8,47463,33755,18380,31.9152265,-83.77777,9854,8346,1508,15.303430079155673
"Corinth, MS Micro Area",34717,6.4,1.7,22.8,47716,31684,18420,34.8734817,-88.5667345,16159,14395,1764,10.916517111207376
"Cornelia, GA Micro Area",46326,2.3,7.6,26.9,61292,32068,18460,34.6270741,-83.5016755,18340,16408,1932,10.534351145038167
"Corning, NY Micro Area",93584,6.3,7.0,22.1,62506,39811,18500,42.2359045,-77.3750862,47327,39737,7590,16.037357111162763
"Corpus Christi, TX Metro Area",422187,5.5,4.6,20.5,64005,38356,18580,28.1987876,-96.947708,180679,155483,25196,13.945173484466928
"Corsicana, TX Micro Area",52834,5.6,6.0,26.9,56261,31667,18620,32.0279525,-96.4985456,21385,18660,2725,12.742576572363806
"Cortland, NY Micro Area",46755,5.4,6.3,21.7,65029,35089,18660,42.5842136,-76.0704906,20814,18378,2436,11.703660997405592
"Corvallis, OR Metro Area",95615,6.8,14.6,19.8,72882,28722,18700,44.494937,-123.4065679,40150,37447,2703,6.732254047322541
"Coshocton, OH Micro Area",36629,6.1,6.0,25.3,52048,34505,18740,40.2905684,-81.9271441,16324,14621,1703,10.43249203626562
"Crawfordsville, IN Micro Area",38018,4.0,6.1,22.4,62937,39064,18820,40.0361447,-86.9007083,16464,15210,1254,7.61661807580175
"Crescent City, CA Micro Area",27462,6.3,6.9,17.2,61149,33059,18860,41.7261767,-123.91328,11090,9807,1283,11.56898106402164
"Crestview-Fort Walton Beach-Destin, FL Metro Area",288639,3.8,9.7,26.3,74279,39555,18880,30.6765961,-86.6037748,157394,113938,43456,27.609692872663505
"Crossville, TN Micro Area",61552,5.7,6.8,22.4,56002,33961,18900,35.953805,-84.9748195,30479,26933,3546,11.634239968502904
"Cullman, AL Micro Area",88284,4.3,2.6,26.2,58119,33900,18980,34.1335332,-86.8779268,39145,34723,4422,11.296461872525226
"Dallas-Fort Worth-Arlington, TX Metro Area",7673379,4.6,13.7,28.0,83398,45358,19100,33.1609629,-96.6060984,2947189,2760991,186198,6.317816739951187
"Dalton, GA Metro Area",143096,6.0,3.9,22.5,60017,35081,19140,34.7851861,-84.7352262,54914,50852,4062,7.397020796153986
"Danville, KY Micro Area",54933,6.4,7.8,26.2,53228,34698,19220,37.6240938,-84.8540572,23706,21457,2249,9.487049692061085
"Danville, VA Micro Area",103048,5.6,4.7,23.5,46853,32991,19260,36.8121678,-79.4364106,51628,44330,7298,14.135740295963432
"Daphne-Fairhope-Foley, AL Metro Area",233420,3.4,9.1,26.6,71039,39109,19300,30.5677527,-87.7324392,124148,93116,31032,24.995972548893256
"Davenport-Moline-Rock Island, IA-IL Metro Area",382983,4.8,6.9,20.6,68395,41045,19340,41.3418549,-90.1177442,174002,159261,14741,8.471741704118344
"Decatur, AL Metro Area",156218,3.9,4.4,24.9,60036,36365,19460,34.4776367,-87.3017331,68490,62758,5732,8.369104978829025
"Decatur, IL Metro Area",103542,7.2,6.1,18.7,59622,39428,19500,39.8455208,-88.9602376,49727,44549,5178,10.412854183843786
"Decatur, IN Micro Area",35827,3.2,5.6,22.7,61731,38655,19540,40.7371667,-84.9347295,13172,12386,786,5.967203158214394
"Defiance, OH Micro Area",38300,4.9,4.0,21.1,69302,40240,19580,41.3203058,-84.5084835,16539,15482,1057,6.3909547131023645
"Del Rio, TX Micro Area",47693,3.4,2.9,18.4,57250,31745,19620,29.9153286,-101.1284631,18455,15796,2659,14.408019506908698
"Deltona-Daytona Beach-Ormond Beach, FL Metro Area",676035,4.1,12.1,26.9,64197,37279,19660,29.4844412,-81.2917415,327890,280751,47139,14.3764677178322
"Deming, NM Micro Area",25393,7.0,6.6,21.6,38241,25034,19700,32.1345966,-107.7682754,11508,9822,1686,14.65067778936392
"DeRidder, LA Micro Area",36553,8.1,3.3,32.7,68525,42767,19760,30.6144496,-93.3416829,15771,13797,1974,12.51664447403462
"Des Moines-West Des Moines, IA Metro Area",711490,4.1,12.7,20.8,81103,47030,19780,41.6744179,-94.0394437,300984,280757,20227,6.720290779576323
"Detroit-Warren-Dearborn, MI Metro Area",4375604,6.6,11.8,26.5,72456,42843,19820,43.0904764,-83.2333705,1901256,1760892,140364,7.382698595034019
"Dickinson, ND Micro Area",33828,2.8,6.7,17.2,78608,47447,19860,47.0456305,-103.3943708,15948,13967,1981,12.42162026586406
"Dixon, IL Micro Area",34221,3.5,4.9,24.0,64588,40232,19940,41.74731105,-89.28602959086061,14985,13589,1396,9.315982649315982
"Dodge City, KS Micro Area",34212,3.2,2.1,12.9,67997,39021,19980,37.7072469,-99.8943146,12550,11376,1174,9.354581673306772
"Dothan, AL Metro Area",150969,4.8,4.0,23.8,54171,35300,20020,31.0862933,-85.803014,70792,62411,8381,11.838908351226127
"Douglas, GA Micro Area",51321,4.3,2.0,19.3,46936,32336,20060,31.3030105,-82.8839362,20801,18341,2460,11.826354502187394
"Dover, DE Metro Area",182400,6.0,6.4,26.7,69278,39186,20100,39.1156594,-75.484116,72708,68290,4418,6.076360235462397
"Dublin, GA Micro Area",65043,6.4,3.3,26.9,46411,33862,20140,32.6938608,-82.6374871,28334,25050,3284,11.590315521987716
"DuBois, PA Micro Area",79707,6.0,6.5,25.9,56982,35389,20180,40.9908706,-78.4457422,38078,32435,5643,14.819580860339304
"Dubuque, IA Metro Area",98812,4.1,9.7,17.1,73495,40612,20220,42.4692988,-90.8742047,42630,39891,2739,6.425052779732583
"Duluth, MN-WI Metro Area",291491,4.4,8.0,20.4,67612,38215,20260,46.5799933,-92.7206334,149586,124417,25169,16.825772465337664
"Dumas, TX Micro Area",21284,2.5,1.3,16.6,59041,39352,20300,35.8156121,-101.9104355,8188,7258,930,11.358085002442598
"Duncan, OK Micro Area",43140,4.9,4.1,23.7,57065,35897,20340,34.4858287,-97.8636045,20322,17268,3054,15.02804842043106
"Durango, CO Micro Area",55983,3.2,15.7,21.0,81936,41397,20420,37.2889732,-107.8539029,28198,23487,4711,16.70685864245691
"Durant, OK Micro Area",46528,4.8,5.5,20.1,54289,34350,20460,33.95386,-96.3154827,20366,17954,2412,11.843268192084848
"Durham-Chapel Hill, NC Metro Area",648066,4.0,17.4,24.6,76040,42438,20500,35.7151316,-79.2533035,282215,261637,20578,7.291603918997927
"Dyersburg, TN Micro Area",36818,4.5,3.9,20.4,53150,36852,20540,36.0543272,-89.4208221,16218,14787,1431,8.823529411764707
"Easton, MD Micro Area",37663,3.2,14.1,26.4,81667,44991,20660,38.7542065,-76.1919824,19538,16296,3242,16.59330535366977
"Eau Claire, WI Metro Area",171951,3.2,9.9,19.4,70009,37365,20740,45.0740585,-91.2947258,73654,69167,4487,6.091997719064817
"Edwards, CO Micro Area",55650,4.4,12.6,22.1,98887,46602,20780,39.6161124,-106.7172844,32967,20760,12207,37.02793702793703
"Effingham, IL Micro Area",34594,2.5,10.4,17.9,73181,41680,20820,39.2744299,-88.2423795,15314,14117,1197,7.816377171215881
"El Campo, TX Micro Area",41614,5.7,3.6,25.0,59712,36950,20900,29.2454534,-96.2291474,17296,15446,1850,10.696114708603146
"El Centro, CA Metro Area",179578,13.2,5.9,22.7,53847,30547,20940,33.0305487,-115.3595666,56625,52050,4575,8.079470198675496
"El Dorado, AR Micro Area",38815,3.7,5.3,19.1,49745,36092,20980,33.1637366,-92.6171029,18599,16182,2417,12.995322329157483
"Elizabeth City, NC Micro Area",53507,5.6,6.8,30.0,60668,39114,21020,36.2280793,-76.2149621,24276,21182,3094,12.745098039215684
"Elk City, OK Micro Area",22295,6.2,3.1,19.0,51499,34051,21120,35.2496723,-99.6946079,10123,8034,2089,20.63617504692285
"Elkhart-Goshen, IN Metro Area",206841,3.8,4.9,19.2,63978,37896,21140,41.6012796,-85.8590603,79594,74631,4963,6.235394627735759
"Elkins, WV Micro Area",28005,7.3,4.7,21.5,51186,30605,21180,38.8085998,-79.872531,13035,10980,2055,15.765247410817032
"Elko, NV Micro Area",55222,4.7,4.7,29.0,87631,46786,21220,41.1958128,-115.3272864,22732,20433,2299,10.113496392750308
"Ellensburg, WA Micro Area",44424,5.9,11.5,23.5,66800,37556,21260,47.1057471,-120.5849305,23743,18650,5093,21.45053278861138
"Elmira, NY Metro Area",83584,6.3,5.9,20.0,61358,37528,21300,42.1384667,-76.7725493,38985,35242,3743,9.601128639220214
"El Paso, TX Metro Area",867161,6.8,6.7,24.2,55344,30834,21340,31.8072184,-106.2230394,319001,297233,21768,6.823803060178495
"Emporia, KS Micro Area",34752,2.6,4.8,15.4,56068,31536,21380,38.2928083,-96.6152916,16354,14239,2115,12.932615873792344
"Enid, OK Metro Area",62456,4.6,4.4,18.5,64165,35134,21420,36.3735486,-97.7845975,27846,24198,3648,13.100624865330747
"Enterprise, AL Micro Area",53559,4.8,3.1,23.1,62199,34627,21460,31.3629619,-85.9870669,24105,21263,2842,11.790085044596555
"Erie, PA Metro Area",270495,5.5,7.1,19.9,59396,34765,21500,42.18230345,-80.14107739801153,119791,109371,10420,8.698483191558632
"Escanaba, MI Micro Area",36839,5.2,5.1,19.0,53852,32742,21540,46.0236602,-86.8950252,19786,16290,3496,17.66905893055696
"Eufaula, AL-GA Micro Area",27057,7.0,3.9,25.9,39599,30578,21640,31.8589311,-85.4032078,13296,10675,2621,19.71269554753309
"Eugene-Springfield, OR Metro Area",382218,6.7,12.4,20.0,65157,33552,21660,43.9314567,-122.8575849,166226,156594,9632,5.79452071276455
"Eureka-Arcata, CA Micro Area",136132,9.2,10.9,18.9,57881,31207,21700,40.5997415,-123.8997734,62120,56422,5698,9.172569220862846
"Fairmont, MN Micro Area",19960,5.2,8.0,17.6,61674,40359,21860,43.6564337,-94.5498419,9748,8748,1000,10.258514567090684
"Fairmont, WV Micro Area",56194,6.4,7.2,24.3,59974,37591,21900,39.5128606,-80.2258567,26280,23223,3057,11.6324200913242
"Fallon, NV Micro Area",25409,6.3,5.1,22.8,69922,41292,21980,39.6136309,-118.4191948,10772,10017,755,7.008911994058671
"Fargo, ND-MN Metro Area",251635,3.1,7.8,18.0,73641,41725,22020,46.8994904,-96.5088202,112241,103603,8638,7.695939986279524
"Faribault-Northfield, MN Micro Area",67152,5.3,13.4,22.4,78214,36335,22060,44.3413376,-93.2865484,25018,23416,1602,6.403389559517148
"Farmington, MO Micro Area",66814,4.8,5.4,25.5,53083,33222,22100,37.7763775,-90.5089041,28636,24792,3844,13.4236625226987
"Farmington, NM Metro Area",121798,8.9,4.8,24.2,50734,32904,22140,36.4755752,-108.3046555,47744,42536,5208,10.908176943699733
"Fayetteville, NC Metro Area",522537,7.1,5.6,24.8,57488,34936,22180,35.0461723,-78.8394255,215134,195651,19483,9.056216125763475
"Fayetteville-Springdale-Rogers, AR Metro Area",550596,3.5,11.2,20.8,73316,40442,22220,36.3456186,-94.2670404,221207,203096,18111,8.187353926412817
"Fergus Falls, MN Micro Area",60072,5.3,10.0,21.5,67990,40446,22260,46.4184196,-95.713142,36506,25123,11383,31.18117569714568
"Findlay, OH Micro Area",75072,3.7,6.8,17.9,67006,40370,22300,40.9939911,-83.6587588,33655,31107,2548,7.570940424899717
"Fitzgerald, GA Micro Area",17169,5.0,2.9,15.6,38255,29929,22340,31.7462726,-83.2355879,8124,7074,1050,12.924667651403247
"Flagstaff, AZ Metro Area",144705,7.0,9.5,19.2,67266,31389,22380,35.9363252,-111.6948197,69108,51320,17788,25.73942235341784
"Flint, MI Metro Area",405280,8.5,7.4,26.8,58594,34720,22420,43.0220032,-83.7274305,183087,167118,15969,8.722082944174081
"Florence, SC Metro Area",200040,5.1,6.6,22.7,52401,34997,22500,34.3609331,-79.9438572,89973,80276,9697,10.777677747768776
"Florence-Muscle Shoals, AL Metro Area",151599,3.5,5.2,24.6,56113,35355,22520,34.6473396,-87.7921769,72251,63969,8282,11.462817123638429
"Fond du Lac, WI Metro Area",104027,3.3,7.2,20.6,70368,42012,22540,43.7533414,-88.4493796,45740,42824,2916,6.375163970266725
"Forest City, NC Micro Area",64680,6.0,5.6,25.4,50512,32995,22580,35.3994626,-81.9023191,32444,26652,5792,17.85229934656639
"Forrest City, AR Micro Area",23138,6.6,2.5,20.2,39822,28699,22620,35.0153956,-90.7263194,9565,8470,1095,11.447987454260325
"Fort Dodge, IA Micro Area",36986,3.2,4.1,18.3,65335,36676,22700,42.4326072,-94.184316,16937,15046,1891,11.164905237054969
"Fort Leonard Wood, MO Micro Area",53726,4.7,4.4,18.5,62541,31040,22780,37.8402606,-92.2248398,19315,16902,2413,12.492881180429718
"Fort Morgan, CO Micro Area",29045,3.7,7.2,20.9,70471,40418,22820,40.2407621,-103.8225695,11493,10519,974,8.474723744888193
"Fort Payne, AL Micro Area",71680,3.9,3.8,25.2,47920,31564,22840,34.4524349,-85.7662118,30584,27145,3439,11.244441538059116
"Fort Smith, AR-OK Metro Area",245475,5.2,5.0,21.5,53224,34249,22900,35.5803044,-94.2684622,107795,96313,11482,10.651699986084695
"Fort Wayne, IN Metro Area",419715,4.8,7.3,21.8,66758,39504,23060,41.0975573,-85.0562084,177268,165547,11721,6.612022474445473
"Frankfort, IN Micro Area",33020,3.4,5.8,20.7,59515,36824,23140,40.2992769,-86.4692735,13450,12421,1029,7.650557620817844
"Frankfort, KY Micro Area",75314,4.9,10.5,22.7,64669,38428,23180,38.0096811,-84.9880147,34044,31207,2837,8.333333333333332
"Fredericksburg, TX Micro Area",26953,3.5,9.4,19.9,70162,36463,23240,30.2954086,-98.9086643,14128,11486,2642,18.7004530011325
"Freeport, IL Micro Area",44482,5.3,9.1,22.2,57527,34132,23300,42.3503474,-89.6735637,21369,19184,2185,10.225092423604288
"Fremont, NE Micro Area",37175,4.1,3.6,18.3,66793,41134,23340,41.58577,-96.6789773,16191,14813,1378,8.510901117905009
"Fremont, OH Micro Area",58885,4.8,3.0,19.6,60814,38165,23380,41.2951563,-83.1555438,26479,24444,2035,7.685335548925563
"Fresno, CA Metro Area",1008280,8.6,8.2,23.3,67756,35722,23420,36.6713502,-119.8155355,338441,319296,19145,5.6568205388827
"Gadsden, AL Metro Area",103348,6.0,3.1,24.6,52177,32882,23460,34.0371404,-86.022147,47306,41974,5332,11.27129750982962
"Gaffney, SC Micro Area",56200,5.9,4.8,25.0,47011,32945,23500,35.0372626,-81.6480755,24713,22349,2364,9.565815562659328
"Gainesville, FL Metro Area",341067,4.9,10.1,23.1,56638,32717,23540,29.675568,-82.3640109,151720,137030,14690,9.682309517532296
"Gainesville, GA Metro Area",204953,3.9,8.7,27.9,74153,36970,23580,34.2905901,-83.8194028,76865,71022,5843,7.601639237624407
"Gainesville, TX Micro Area",41860,3.9,6.6,24.4,66374,40484,23620,33.582486,-97.2055298,17716,15738,1978,11.165048543689322
"Galesburg, IL Micro Area",49751,4.9,4.8,21.2,50263,33337,23660,40.920889,-90.2202325,23817,20851,2966,12.453289667044547
"Gallup, NM Micro Area",72073,9.6,10.4,25.1,44029,30677,23700,35.6438394,-108.1515609,25057,22659,2398,9.570179989623655
"Garden City, KS Micro Area",42151,5.1,3.9,15.0,68481,38568,23780,38.0452481,-100.8199963,15766,14491,1275,8.087022707091208
"Gettysburg, PA Metro Area",104604,3.4,8.5,28.3,78975,38371,23900,39.8708972,-77.2395963,43007,40270,2737,6.364080266003208
"Gillette, WY Micro Area",60985,2.9,5.6,21.4,88151,48331,23940,44.1908398,-105.5775352,26894,23561,3333,12.393098832453337
"Glasgow, KY Micro Area",54824,4.9,6.3,23.0,47855,32662,23980,36.9584649,-85.925817,24485,21866,2619,10.696344700837248
"Glens Falls, NY Metro Area",126994,4.6,7.3,23.7,71380,42545,24020,43.5018687,-73.8164637,68926,53574,15352,22.27316252212518
"Gloversville, NY Micro Area",53280,4.3,5.4,24.6,60557,37682,24100,43.1061507,-74.4461771,28087,22390,5697,20.28340513404778
"Goldsboro, NC Metro Area",117480,5.0,3.8,21.8,54323,33858,24140,35.3546293,-78.0149444,52551,45997,6554,12.471694163764724
"Granbury, TX Micro Area",62459,5.8,10.0,34.8,80013,44429,24180,32.4107555,-97.828282,28321,24811,3510,12.393630168426256
"Grand Forks, ND-MN Metro Area",104055,3.4,5.2,16.3,65971,37581,24220,47.6554613,-96.4193484,48051,43192,4859,10.11217248340305
"Grand Island, NE Metro Area",76726,2.8,3.4,19.0,63314,38206,24260,40.8627335,-98.5122907,31572,29493,2079,6.584948688711517
"Grand Junction, CO Metro Area",156131,5.3,12.0,19.6,68077,37530,24300,39.05689950336452,-108.4861294669741,67407,63133,4274,6.340587772783242
"Grand Rapids, MN Micro Area",45054,6.2,7.7,24.2,63962,36864,24330,47.4968343,-93.6225663,25375,18968,6407,25.24926108374384
"Grants Pass, OR Metro Area",87994,8.1,10.8,20.2,56068,31545,24420,42.3554368,-123.5602707,38748,36024,2724,7.030040260142459
"Great Bend, KS Micro Area",25477,4.1,7.6,15.2,54634,35070,24460,38.4683432,-98.776234,12370,10640,1730,13.985448666127729
"Great Falls, MT Metro Area",84423,3.3,6.3,17.0,61351,37407,24500,47.3271465,-111.3281242,38937,35011,3926,10.082954516269872
"Greeley, CO Metro Area",331466,4.9,11.3,28.2,89182,44811,24540,40.5632344,-104.4835287,119962,113995,5967,4.974075123789199
"Green Bay, WI Metro Area",328011,2.7,9.0,20.0,74208,41950,24580,44.4383498,-88.0167093,145929,133007,12922,8.854991125821462
"Greeneville, TN Micro Area",70399,5.4,5.3,23.8,51975,33413,24620,36.1698443,-82.8766356,32154,28738,3416,10.6238726130497
"Greensboro-High Point, NC Metro Area",775169,5.1,8.9,23.0,59567,36037,24660,36.0875688,-79.7888515,337732,312232,25500,7.5503653784657665
"Greensburg, IN Micro Area",26432,3.1,7.5,22.5,71566,45651,24700,39.2862128,-85.4943058,11512,10472,1040,9.034051424600417
"Greenville, MS Micro Area",44604,9.5,2.9,19.7,38394,31840,24740,33.2626706,-90.9183546,20879,17954,2925,14.00929163274103
"Greenville, NC Metro Area",171196,7.5,9.1,21.3,54915,35434,24780,35.611481,-77.3707461,80515,70016,10499,13.039806247283114
"Greenville, OH Micro Area",51751,2.6,5.3,22.3,60237,37917,24820,40.168765,-84.631372,22599,20925,1674,7.4074074074074066
"Greenwood, MS Micro Area",37850,10.3,4.1,21.9,35452,29275,24900,33.4230182,-89.9110025,17546,15098,2448,13.951897868460048
"Greenwood, SC Micro Area",69309,5.5,2.7,19.8,47553,34634,24940,34.2264946,-82.4364036,31323,28123,3200,10.216135108386808
"Grenada, MS Micro Area",21474,4.1,1.4,21.2,45745,32701,24980,33.772401,-89.7674875,10405,9030,1375,13.214800576645844
"Gulfport-Biloxi, MS Metro Area",416839,8.0,5.4,25.7,58287,34690,25060,30.3892456,-89.4782116,183583,162916,20667,11.257578316075016
"Guymon, OK Micro Area",21144,2.7,3.3,15.2,55682,33306,25100,36.7390314,-101.4953594,8443,7376,1067,12.637688025583325
"Hagerstown-Martinsburg, MD-WV Metro Area",295165,4.8,8.9,30.5,72751,42895,25180,39.5893502,-77.710254,123729,112998,10731,8.672986931115584
"Hailey, ID Micro Area",25381,2.4,13.4,18.9,81271,36703,25200,43.3336455,-113.8808311,16127,10711,5416,33.58343151237056
"Hammond, LA Metro Area",133953,5.6,5.4,29.6,55274,33539,25220,30.6323024,-90.4315754,56685,50961,5724,10.09790949986769
"Hanford-Corcoran, CA Metro Area",152515,9.2,4.5,23.1,68540,37052,25260,36.0784807,-119.7956342,46287,44100,2187,4.724868753645732
"Hannibal, MO Micro Area",38881,3.5,6.3,19.2,62527,35283,25300,39.8080573,-91.6318781,17875,15616,2259,12.637762237762235
"Harrisburg-Carlisle, PA Metro Area",593318,4.0,12.2,22.9,76189,44822,25420,40.1541581,-77.2803933,255481,238249,17232,6.74492428008345
"Harrison, AR Micro Area",44905,4.3,9.5,21.0,52078,33013,25460,36.2829183,-93.0784759,21454,18624,2830,13.191013330847396
"Harrisonburg, VA Metro Area",135689,4.3,7.1,20.1,66823,31155,25500,38.5080288,-78.8949442,54062,49426,4636,8.57533942510451
"Hastings, NE Micro Area",31143,2.7,4.6,16.8,61502,35808,25580,40.5125798,-98.5148588,13806,12690,1116,8.083441981747066
"Hattiesburg, MS Metro Area",172176,6.6,2.5,23.9,55078,31904,25620,31.1540772,-89.2398601,74640,66945,7695,10.309485530546624
"Hays, KS Micro Area",28921,3.3,5.7,13.2,59665,32521,25700,38.915304000000006,-99.31725312947998,13166,11853,1313,9.972656843384476
"Heber, UT Micro Area",77533,2.3,18.5,22.9,114857,46537,25720,40.8320852,-111.1233396,40136,26728,13408,33.406418178194144
"Henderson, NC Micro Area",42492,7.0,8.5,25.3,48340,30567,25780,36.3747423,-78.4140945,19276,17038,2238,11.61029259182403
"Hereford, TX Micro Area",18585,2.1,2.9,17.0,51942,33931,25820,34.9323974,-102.5983118,6974,6263,711,10.195010037281332
"Hermiston-Pendleton, OR Micro Area",92044,6.3,5.0,19.2,69901,36687,25840,45.360901,-119.6052459,35815,32586,3229,9.015775513053187
"Hickory-Lenoir-Morganton, NC Metro Area",366031,5.5,5.5,23.9,57943,36275,25860,35.924738,-81.1716315,163160,147185,15975,9.791002696739396
"Hillsdale, MI Micro Area",45698,4.4,8.5,24.7,59425,34775,25880,41.8779105,-84.5984396,21396,18062,3334,15.582351841465696
"Hinesville, GA Metro Area",82354,7.8,5.4,25.0,55427,33931,25980,31.8031632,-81.483441,32744,28905,3839,11.724285365257757
"Hobbs, NM Micro Area",73103,7.4,3.3,24.5,65855,38890,26020,32.7448727,-103.3828242,27950,25049,2901,10.379248658318426
"Holland, MI Micro Area",120189,3.4,7.4,23.9,75543,41508,26090,42.5867203,-85.8861492,51789,45545,6244,12.056614338952286
"Homosassa Springs, FL Metro Area",155173,7.2,11.0,27.9,52569,32938,26140,28.8512851,-82.5141209,81687,69438,12249,14.995042050754709
"Hood River, OR Micro Area",23965,3.3,15.6,18.4,80254,39066,26220,45.5311636,-121.6475587,10126,8965,1161,11.465534268220424
"Hot Springs, AR Metro Area",100021,5.7,5.5,21.5,54229,31460,26300,34.5488944,-93.1838539,52326,42997,9329,17.82861292665214
"Houghton, MI Micro Area",39502,6.1,8.9,16.1,52857,24207,26340,46.8591287,-88.7774734,20902,15299,5603,26.806047268204
"Hudson, NY Micro Area",61469,5.9,14.0,25.8,81741,41710,26460,42.2415027,-73.6723456,33226,26590,6636,19.972310840907724
"Huntingdon, PA Micro Area",44123,5.1,5.8,30.5,61300,33922,26500,40.3446332,-78.0281185,20807,16804,4003,19.238717739222377
"Huntington, IN Micro Area",36699,3.4,6.2,22.2,59894,37485,26540,40.8008286,-85.5018494,16217,14765,1452,8.953567244249863
"Huntington-Ashland, WV-KY-OH Metro Area",359005,5.3,5.4,23.9,55964,35556,26580,38.3608934,-82.6945926,165754,147207,18547,11.189473557199223
"Huntsville, AL Metro Area",493980,4.2,10.7,22.8,78521,44516,26620,34.8342463,-86.9901321,212512,197135,15377,7.235826682728505
"Huntsville, TX Micro Area",77182,7.0,7.0,26.5,47193,29797,26660,30.6795741,-95.5522823,28632,24568,4064,14.19390891310422
"Huron, SD Micro Area",20925,2.1,6.0,14.2,64167,38249,26700,44.4157764,-98.2751583,9348,8116,1232,13.17928968763372
"Hutchinson, KS Micro Area",61881,4.2,5.8,18.1,57390,34552,26740,37.930344,-98.1055753,28289,25189,3100,10.958323023083178
"Hutchinson, MN Micro Area",36727,3.2,6.9,23.8,73296,44020,26780,44.8169135,-94.2495251,15820,15004,816,5.15802781289507
"Idaho Falls, ID Metro Area",158478,4.1,8.5,21.5,73337,34029,26820,43.3993844,-111.4752257,56637,53326,3311,5.846001730317637
"Indiana, PA Micro Area",83394,6.5,7.2,24.5,57170,29442,26860,40.6424116,-79.1262839,37626,33286,4340,11.534577154095572
"Iowa City, IA Metro Area",175894,3.7,10.4,20.1,72680,34778,26980,41.6683126,-91.57952674093114,75489,70251,5238,6.938759289432897
"Iron Mountain, MI-WI Micro Area",30511,4.1,7.9,16.9,59483,38277,27020,45.9874631,-87.8864905,18518,13721,4797,25.904525326709148
"Ithaca, NY Metro Area",102555,4.7,16.0,20.2,69995,36034,27060,42.445339,-76.47279396502887,46884,42273,4611,9.834911696954183
"Jackson, MI Metro Area",160637,6.3,8.1,22.7,62581,37045,27100,42.2416466,-84.425589,69025,62567,6458,9.356030423759508
"Jackson, MS Metro Area",591397,6.0,6.0,25.1,60085,36741,27140,31.8563532,-90.4798717,257634,230831,26803,10.403518169185745
"Jackson, TN Metro Area",180446,6.6,6.0,22.0,55807,34528,27180,35.4265564,-88.6009817,79252,71713,7539,9.51269368596376
"Jackson, WY-ID Micro Area",35159,1.9,14.1,20.1,102435,45533,27220,43.7647107,-111.2081469,19048,13969,5079,26.664216715665685
"Jacksonville, FL Metro Area",1613587,4.5,12.9,26.3,73194,41483,27260,30.3143459,-82.2847163,690609,628344,62265,9.015955482769556
"Jacksonville, IL Micro Area",37781,5.9,7.9,21.3,62004,37993,27300,39.7062265,-90.190335,17419,15613,1806,10.367988977553248
"Jacksonville, NC Metro Area",203686,6.4,8.3,22.0,59976,31016,27340,34.69271605,-77.38654742430643,84180,69576,14604,17.348538845331433
"Jacksonville, TX Micro Area",50824,5.8,8.8,26.9,56971,30756,27380,31.8390826,-95.1791849,20838,17992,2846,13.657740666090795
"Jamestown, ND Micro Area",21609,4.7,5.1,15.6,59167,36956,27420,46.9596318,-98.9742609,10374,9084,1290,12.434933487565068
"Janesville-Beloit, WI Metro Area",163817,3.9,6.7,23.2,70630,41294,27500,42.6654418,-89.081772,70068,65937,4131,5.895701318718959
"Jasper, IN Micro Area",55811,2.2,3.8,20.2,67610,40394,27540,38.3644324,-86.8870278,24199,22384,1815,7.500309930162404
"Jefferson, GA Micro Area",77033,3.6,11.5,30.7,82056,41455,27600,34.1282559,-83.5753386,27699,26174,1525,5.505613921080183
"Jefferson City, MO Metro Area",150182,3.5,6.3,21.4,70195,38572,27620,38.8491265,-91.9257607,64421,58013,6408,9.947066950218096
"Jesup, GA Micro Area",30277,6.2,3.7,26.8,49847,32269,27700,31.5675304,-81.9131554,12460,11141,1319,10.585874799357946
"Johnson City, TN Metro Area",207442,5.6,7.3,22.0,54217,33699,27740,36.2840805,-82.1194772,97027,87383,9644,9.939501375905676
"Johnstown, PA Metro Area",133263,5.0,7.8,23.9,54221,35619,27780,40.4843583,-78.718852,64395,56370,8025,12.462147682273468
"Jonesboro, AR Metro Area",134035,5.8,4.3,20.2,52709,34127,27860,35.8348413,-90.6441144,57066,52475,4591,8.045070619983878
"Juneau, AK Micro Area",32108,4.5,10.4,16.0,95711,52020,27940,58.3019496,-134.419734,14093,12940,1153,8.181366635918542
"Kalamazoo-Portage, MI Metro Area",261426,6.4,9.3,20.4,67905,37041,28020,42.2494968,-85.5372797,114021,106906,7115,6.2400785820155935
"Kalispell, MT Micro Area",105950,3.2,13.7,19.0,68025,36003,28060,48.3840879,-113.972144,49875,42481,7394,14.825062656641604
"Kankakee, IL Metro Area",107421,5.2,5.9,24.7,65489,37969,28100,41.1253903,-87.848682,45270,41528,3742,8.265959796774906
"Kansas City, MO-KS Metro Area",2190750,4.2,13.0,23.4,78827,45704,28140,38.8837933,-94.8389141,938503,868375,70128,7.472325607909617
"Kapaa, HI Micro Area",73511,4.1,8.6,21.1,88869,40084,28180,22.0557204,-159.4945109,30157,24712,5445,18.055509500281858
"Kearney, NE Micro Area",56758,2.7,4.7,16.7,70727,36228,28260,40.8421618,-99.0845451,23913,22317,1596,6.674193953079914
"Keene, NH Micro Area",76610,3.5,11.1,23.3,76551,41017,28300,42.9525022,-72.2834412,35612,31372,4240,11.90609906772998
"Kendallville, IN Micro Area",47431,3.4,4.7,24.4,70286,41624,28340,41.3990708,-85.4193348,20049,17981,2068,10.314728914160307
"Kennett, MO Micro Area",28174,5.7,4.1,23.0,44868,32246,28380,36.2156534,-90.0591292,13409,11573,1836,13.692296218957416
"Kennewick-Richland, WA Metro Area",304252,5.1,8.8,22.3,82146,42591,28420,46.1691702,-119.5286424,109816,105117,4699,4.2789757412398925
"Kerrville, TX Micro Area",52810,3.3,9.1,21.1,66713,34074,28500,30.045717,-99.3884839,25200,22060,3140,12.46031746031746
"Ketchikan, AK Micro Area",13910,4.1,4.2,14.0,82763,46905,28540,55.489748,-131.011963,6614,5479,1135,17.160568491079527
"Kill Devil Hills, NC Micro Area",37160,5.1,12.4,23.0,79742,38484,28620,35.6333866,-75.6869011,34237,15966,18271,53.36624120103981
"Killeen-Temple, TX Metro Area",477577,7.5,7.7,23.3,63394,34829,28660,31.0081659,-97.4314413,186020,169916,16104,8.65713364154392
"Kingsport-Bristol, TN-VA Metro Area",308386,6.0,7.5,23.5,53644,35286,28700,36.429878,-82.9568899,148388,131113,17275,11.641776963096746
"Kingston, NY Metro Area",182153,5.1,14.2,28.1,77197,43402,28740,41.8689317,-74.2618518,85853,73321,12532,14.597043784142665
"Kingsville, TX Micro Area",30976,7.5,5.5,20.2,52407,30765,28780,27.3983129,-97.7485096,14144,11661,2483,17.55514705882353
"Kinston, NC Micro Area",55071,7.1,2.5,23.6,43063,30679,28820,35.2590371,-77.6484879,26577,22930,3647,13.72239154155849
"Kirksville, MO Micro Area",29365,5.0,5.9,19.0,51618,28874,28860,40.1769782,-92.6161167,13225,11489,1736,13.126654064272213
"Klamath Falls, OR Micro Area",69506,7.6,7.2,16.9,57219,35283,28900,42.6052565,-121.739544,32730,28634,4096,12.514512679498932
"Knoxville, TN Metro Area",884359,4.2,10.1,24.1,66715,38567,28940,36.1063226,-84.1849939,393836,358473,35363,8.979118211641394
"Kokomo, IN Metro Area",83452,5.8,5.5,20.5,62014,36846,29020,40.4787061,-86.1350343,39605,35711,3894,9.832091907587426
"Laconia, NH Micro Area",63914,2.7,10.0,26.0,80719,42595,29060,43.5218848,-71.4530581,38252,27027,11225,29.344870856425807
"La Crosse-Onalaska, WI-MN Metro Area",139042,2.9,8.9,19.6,69043,39726,29100,43.6624222,-91.4685617,61505,58101,3404,5.5345093894805295
"Lafayette, LA Metro Area",479865,6.0,6.7,25.7,58150,38909,29180,30.2740735,-92.3957036,212942,188906,24036,11.28758065576542
"Lafayette-West Lafayette, IN Metro Area",224515,3.5,7.7,19.3,57188,32122,29200,40.6034281,-87.3235164,94722,86517,8205,8.662190409830874
"La Grande, OR Micro Area",26286,6.3,7.2,16.9,61946,34551,29260,45.2680014,-118.0257466,11649,10779,870,7.468452227659027
"LaGrange, GA-AL Micro Area",104139,4.4,4.4,23.1,52767,34517,29300,32.8901658,-85.3866953,45094,40555,4539,10.065640661728834
"Lake Charles, LA Metro Area",216217,5.5,4.5,22.2,64764,37200,29340,30.2232015,-93.3434067,97407,85986,11421,11.725030028642704
"Lake City, FL Micro Area",69832,6.9,6.3,25.3,53501,34992,29380,30.2097438,-82.62636328830749,29775,26424,3351,11.2544080604534
"Lake Havasu City-Kingman, AZ Metro Area",214229,7.5,6.5,21.1,53592,33132,29420,35.7218038,-113.827117,117650,91270,26380,22.422439439014024
"Lakeland-Winter Haven, FL Metro Area",736229,4.6,8.8,29.5,60901,35090,29460,27.9448537,-81.7268789,316381,272418,43963,13.895587914571356
"Lancaster, PA Metro Area",553202,3.4,9.1,23.8,81458,42337,29540,40.08067,-76.2411283,216502,206467,10035,4.635061107980527
"Lansing-East Lansing, MI Metro Area",538985,5.4,11.8,22.4,68270,37302,29620,42.9435238,-84.6125345,235800,219517,16283,6.905428329092452
"Laramie, WY Micro Area",37525,4.4,7.9,14.3,55887,24688,29660,41.6684047,-105.6812633,18494,15993,2501,13.523304855628854
"Laredo, TX Metro Area",267282,5.9,4.9,21.8,59984,29927,29700,27.6983621,-99.2523577,84763,78282,6481,7.646024798555974
"Las Cruces, NM Metro Area",219870,6.8,7.5,22.5,51232,28890,29740,32.32817,-106.849423,89804,82366,7438,8.28248184936083
"Las Vegas, NM Micro Area",31423,7.0,11.9,23.8,42301,27063,29780,35.972232,-104.9132218,17634,13246,4388,24.883747306340027
"Laurel, MS Micro Area",83472,3.7,2.1,27.0,48389,33322,29860,32.0216075,-89.1132111,36517,32100,4417,12.095736232439686
"Laurinburg, NC Micro Area",34222,10.8,4.5,24.4,41948,30566,29900,34.8628902,-79.4903372,14348,12870,1478,10.30108725954837
"Lawrence, KS Metro Area",119094,4.8,11.7,20.2,66153,31737,29940,38.8838392,-95.2874559,52846,48553,4293,8.123604435529652
"Lawrenceburg, TN Micro Area",44377,6.3,5.5,26.1,51038,35725,29980,35.2256914,-87.4016388,18658,17075,1583,8.484296280415908
"Lawton, OK Metro Area",127314,6.4,10.7,18.7,57196,33044,30020,34.6557505,-98.4485103,55292,46927,8365,15.12877088909788
"Lebanon, MO Micro Area",36060,5.9,4.6,20.0,49202,34228,30060,37.6475206,-92.6324187,15908,14325,1583,9.950968066381694
"Lebanon, PA Metro Area",143258,4.4,8.5,22.2,72532,40278,30140,40.375713,-76.4626118,59084,55808,3276,5.544648297339381
"Lewisburg, PA Micro Area",42908,3.5,6.6,18.9,64914,31755,30260,40.9745493,-77.0785945,16082,14523,1559,9.69406790200224
"Lewisburg, TN Micro Area",34567,5.8,9.6,30.5,65325,40177,30280,35.4814932,-86.7711675,14302,13279,1023,7.152845755838344
"Lewiston, ID-WA Metro Area",64570,4.1,7.6,16.5,64488,37571,30300,46.3959861,-116.8072307,28398,26580,1818,6.401859285865203
"Lewiston-Auburn, ME Metro Area",111532,4.8,10.9,24.4,64500,39659,30340,44.1402839,-70.196395,49837,45393,4444,8.91706964704938
"Lewistown, PA Micro Area",46146,3.9,5.3,24.8,58012,36844,30380,40.6099183,-77.6215085,21313,18823,2490,11.6830103692582
"Lexington, NE Micro Area",25910,2.0,2.1,19.3,68128,39282,30420,40.8776438,-99.8505693,10940,9657,1283,11.72760511882998
"Lexington-Fayette, KY Metro Area",515954,4.7,9.4,21.8,68089,37896,30460,38.1944867,-84.2046611,226278,209217,17061,7.539840373346061
"Liberal, KS Micro Area",21942,2.7,3.4,14.9,57131,35800,30580,37.1850331,-100.8928434,8268,7359,909,10.994194484760522
"Lima, OH Metro Area",102087,6.1,4.5,19.0,58976,36032,30620,40.8077797,-84.0572225,44563,40935,3628,8.14128312725804
"Lincoln, IL Micro Area",28027,5.2,6.7,21.1,62547,37175,30660,40.1075089,-89.3768539,11984,10749,1235,10.305407209612817
"Lincoln, NE Metro Area",339707,3.1,8.8,19.1,70899,37549,30700,40.9515685,-96.6909842,142545,134442,8103,5.684520677680732
"Little Rock-North Little Rock-Conway, AR Metro Area",749290,4.6,7.6,23.3,62664,40726,30780,35.1470851,-92.3219053,336959,305493,31466,9.33822809303209
"Lock Haven, PA Micro Area",37860,5.3,7.2,23.8,59011,34849,30820,41.2711458,-77.6984481,18603,15199,3404,18.29812395850132
"Logan, UT-ID Metro Area",148804,2.3,10.7,17.7,71739,29764,30860,42.1093652,-111.8203389,48759,46259,2500,5.127258557394533
"Logansport, IN Micro Area",37820,4.2,3.0,21.3,55862,35311,30900,40.7808235,-86.3449159,16379,14900,1479,9.02985530252152
"Longview, TX Metro Area",287359,4.7,5.0,23.6,62910,35462,30980,32.4492408,-94.8532848,120889,107325,13564,11.220210275542026
"Los Alamos, NM Micro Area",19253,1.9,11.8,16.0,135801,83135,31060,35.8585475,-106.317166,8634,8147,487,5.640491081769747
"Los Angeles-Long Beach-Anaheim, CA Metro Area",13111917,6.6,13.5,30.1,89105,42463,31080,34.3155072,-118.209681,4721766,4494733,227033,4.808222177888527
"Louisville/Jefferson County, KY-IN Metro Area",1282588,4.7,10.3,23.8,69771,41335,31140,38.4941217,-85.7169081,560778,520270,40508,7.2235358733759165
"Lubbock, TX Metro Area",322285,4.6,5.7,17.0,61535,34207,31180,33.5905096,-102.805677,137388,123566,13822,10.06055841849361
"Ludington, MI Micro Area",29178,4.8,7.7,19.4,60744,34205,31220,43.9778831,-86.246291,17392,12319,5073,29.16858325666973
"Lufkin, TX Micro Area",86608,6.0,4.4,22.4,57055,33359,31260,31.2544545,-94.6181177,36480,32134,4346,11.913377192982455
"Lumberton, NC Micro Area",117573,6.4,3.2,24.8,39393,32332,31300,34.6485079,-79.0954942,48426,43402,5024,10.3745921612357
"Lynchburg, VA Metro Area",262124,4.3,8.5,23.0,64307,35653,31340,37.5997548,-79.1483701,117674,104926,12748,10.83331916991009
"Macomb, IL Micro Area",27370,8.0,5.2,19.3,48904,24324,31380,40.4376858,-90.6780272,13609,11479,2130,15.651407157028435
"Macon-Bibb County, GA Metro Area",233334,6.5,6.2,24.4,54700,34951,31420,32.8095879,-83.694562,103752,91708,12044,11.60845092142802
"Madison, IN Micro Area",33057,3.4,4.9,22.3,57801,35275,31500,38.8166724,-85.4299489,14386,12992,1394,9.689976365911305
"Madison, WI Metro Area",678995,2.4,14.4,21.7,82996,46979,31540,43.4641929,-89.3478429,302538,287601,14937,4.937231025524066
"Madisonville, KY Micro Area",45223,7.7,3.3,22.1,54466,38024,31580,37.3006817,-87.5612458,20888,18595,2293,10.977594791267714
"Magnolia, AR Micro Area",22707,3.2,2.6,20.7,47441,30170,31620,33.1938586,-93.2344337,10999,9082,1917,17.42885716883353
"Malvern, AR Micro Area",33129,4.6,2.4,28.0,50260,32626,31680,34.2956351,-92.9005742,14179,12473,1706,12.031878129628325
"Manchester-Nashua, NH Metro Area",422733,3.7,13.9,27.4,95112,50211,31700,42.9373379,-71.751376,175571,167875,7696,4.383411839085043
"Manhattan, KS Metro Area",133834,4.3,8.6,17.6,61270,31584,31740,38.9885445,-96.7619968,56271,49249,7022,12.478896767429047
"Manitowoc, WI Micro Area",81242,2.0,6.7,20.0,66412,41131,31820,44.0998341,-87.827992,37818,34995,2823,7.464699349516104
"Mankato, MN Metro Area",103402,3.1,9.8,17.4,73472,35049,31860,44.0109722,-94.0560643,42540,39921,2619,6.156558533145275
"Mansfield, OH Metro Area",125008,4.8,4.6,22.6,56557,33822,31900,40.776322,-82.5302254,54522,50303,4219,7.738160742452588
"Marietta, OH Micro Area",59639,5.2,6.5,23.3,59053,35168,31930,39.4782641,-81.5488945,27987,25254,2733,9.765248150927215
"Marinette, WI-MI Micro Area",65260,4.1,5.8,21.1,58291,37990,31940,45.5785741,-87.562159,42401,29460,12941,30.520506591825665
"Marion, IN Micro Area",66560,7.3,6.9,22.1,53033,31660,31980,40.5114735,-85.6540606,29810,26487,3323,11.147266018114726
"Marion, NC Micro Area",44629,5.5,4.0,24.6,53532,35498,32000,35.6608869,-82.0482171,21242,18058,3184,14.989172394313153
"Marion, OH Micro Area",65366,5.7,4.8,23.6,55106,35605,32020,40.5885271,-83.1895249,27348,24932,2416,8.83428404270879
"Marquette, MI Micro Area",66376,5.6,5.6,18.3,63115,29948,32100,46.4481521,-87.6305899,33454,27681,5773,17.256531356489507
"Marshall, MN Micro Area",25352,3.0,9.3,15.2,68919,39644,32140,44.3880733,-95.8287296,11180,10137,1043,9.329159212880144
"Marshall, MO Micro Area",23219,2.7,6.7,17.2,55396,33079,32180,39.1256186,-93.2300648,9836,8469,1367,13.89792598617324
"Marshalltown, IA Micro Area",40049,5.6,6.1,19.9,70828,40317,32260,42.0378125,-92.9915704,16745,15358,1387,8.283069573006868
"Martin, TN Micro Area",32946,4.0,5.0,21.0,47769,31250,32280,36.2902404,-88.7263475,14945,13373,1572,10.518568082970893
"Martinsville, VA Micro Area",64299,5.0,6.1,23.1,42458,32747,32300,36.6725813,-79.9242922,32475,28108,4367,13.44726712856043
"Maryville, MO Micro Area",21140,2.3,5.5,15.8,53917,28334,32340,40.3483437,-94.8723663,9449,8376,1073,11.355699015768865
"Mason City, IA Micro Area",50396,3.0,7.4,17.4,63785,38652,32380,43.0742443,-93.2548746,26083,22351,3732,14.30817007246099
"Mayfield, KY Micro Area",36701,3.7,6.7,21.0,52526,34408,32460,36.7244966,-88.6569094,16472,14742,1730,10.50267119961146
"McAlester, OK Micro Area",43758,6.3,6.4,20.9,53054,34048,32540,34.9327085,-95.7625858,22046,17339,4707,21.350811938673683
"McAllen-Edinburg-Mission, TX Metro Area",873167,7.6,7.9,22.9,49371,27396,32580,26.3530256,-98.216445,294902,258542,36360,12.329519637031964
"McComb, MS Micro Area",40098,7.2,2.8,25.5,40131,27920,32620,31.1712493,-90.4093394,19017,16232,2785,14.644791502340013
"McMinnville, TN Micro Area",41163,3.9,5.7,27.3,52948,34091,32660,35.6889753,-85.7796626,18088,16336,1752,9.685979655019905
"McPherson, KS Micro Area",30085,2.1,5.8,15.0,71250,37585,32700,38.3659015,-97.6575171,13019,11897,1122,8.618173438820186
"Meadville, PA Micro Area",83876,5.6,6.5,22.5,58734,34541,32740,41.6951179,-80.1428967,42063,33930,8133,19.335282790100564
"Medford, OR Metro Area",222604,5.5,11.3,18.8,67690,37199,32780,42.398015,-122.7540948,96239,90467,5772,5.997568553289208
"Memphis, TN-MS-AR Metro Area",1335804,6.8,7.1,24.3,62178,39034,32820,35.2505701,-90.3192299,565930,516751,49179,8.689943986005336
"Menomonie, WI Micro Area",45221,3.7,8.4,23.2,69721,34209,32860,44.9333564,-91.8994409,18693,17414,1279,6.842133418926871
"Merced, CA Metro Area",282290,10.7,5.4,30.5,64772,34633,32900,37.1641544,-120.7678602,87783,83464,4319,4.920087032796783
"Meridian, MS Micro Area",97274,6.3,3.5,25.1,45386,29622,32940,32.0396256,-88.7003965,44946,39222,5724,12.735282338806568
"Mexico, MO Micro Area",24873,3.9,4.3,22.6,51745,32955,33020,39.2226625,-91.8467268,10542,9414,1128,10.700056915196358
"Miami, OK Micro Area",30472,3.8,3.6,20.1,46186,30417,33060,36.8223646,-94.8186091,13714,11859,1855,13.52632346507219
"Michigan City-La Porte, IN Metro Area",112215,5.0,5.0,24.5,66854,38244,33140,41.5718945,-86.7490124,49780,43799,5981,12.014865407794296
"Middlesborough, KY Micro Area",24248,10.0,4.2,24.4,33658,25186,33180,36.7370344,-83.6491695,11517,9928,1589,13.796995745419816
"Midland, MI Metro Area",83503,5.0,9.3,24.7,73643,42934,33220,43.634525,-84.3840821,36867,34288,2579,6.995415954647788
"Midland, TX Metro Area",174621,3.6,5.4,21.0,89345,50104,33260,32.2675039,-101.9190317,72423,62728,9695,13.386631318779946
"Milledgeville, GA Micro Area",52366,6.9,4.8,27.9,51988,33713,33300,33.0869398,-83.2633216,24884,19809,5075,20.39463108824948
"Milwaukee-Waukesha, WI Metro Area",1568940,3.8,11.6,22.9,72937,45320,33340,43.0180325,-87.58075460628575,693765,651032,42733,6.159578531635352
"Minden, LA Micro Area",36761,5.3,7.1,28.8,34263,23657,33380,32.6358137,-93.3285187,18236,15684,2552,13.994296994955032
"Mineral Wells, TX Micro Area",28569,7.3,7.5,29.6,65242,37286,33420,32.7215726,-98.2814881,15079,11250,3829,25.392930565687376
"Minneapolis-St. Paul-Bloomington, MN-WI Metro Area",3678328,3.9,16.1,24.8,94673,51083,33460,45.2710195,-93.2827625,1503829,1434315,69514,4.622467049112632
"Missoula, MT Metro Area",118541,4.5,10.3,17.9,66840,34642,33540,47.1330265,-114.9202341,54542,50645,3897,7.144952513659199
"Mitchell, SD Micro Area",23409,1.5,7.7,14.3,57432,37256,33580,43.6660467,-98.1383168,10763,9727,1036,9.625569079252996
"Moberly, MO Micro Area",24652,5.3,5.3,22.1,51480,32785,33620,39.4418988,-92.5009215,10773,9424,1349,12.522045855379188
"Mobile, AL Metro Area",429312,5.9,6.3,26.3,55247,36872,33660,30.6488242,-88.194642,192153,170071,22082,11.491884071547153
"Modesto, CA Metro Area",552063,8.2,6.6,30.8,74872,39756,33700,37.5500871,-121.0501425,183140,176738,6402,3.4956863601616246
"Monroe, LA Metro Area",206072,6.6,5.4,23.6,47351,35444,33740,32.8326959,-91.8374127,92225,81715,10510,11.396042287882894
"Monroe, MI Metro Area",154823,5.7,6.9,26.6,72573,44277,33780,41.9153358,-83.5135665,65845,62152,3693,5.608626319386438
"Montgomery, AL Metro Area",384740,5.6,6.1,23.6,60849,36521,33860,32.5165255,-86.6319403,171240,152474,18766,10.958888110254614
"Montrose, CO Micro Area",47759,4.3,11.5,21.1,65033,37193,33940,38.4375391,-108.2403855,22266,19779,2487,11.169496092697386
"Morehead City, NC Micro Area",68353,4.9,8.5,24.0,66965,35949,33980,34.8496625,-76.5931208,50846,30112,20734,40.7780356370216
"Morgan City, LA Micro Area",49114,5.9,3.6,22.5,47322,36594,34020,29.692329,-91.442465,22407,19321,3086,13.772481813718926
"Morgantown, WV Metro Area",140194,6.0,10.1,23.5,60670,33165,34060,39.6391074,-80.0300399,65055,57330,7725,11.874567673507032
"Morristown, TN Metro Area",143196,6.0,5.2,25.6,52913,33737,34100,36.2068067,-83.267995,63848,56389,7459,11.682433279037712
"Moscow, ID Micro Area",39872,5.3,9.5,18.5,62258,27361,34140,46.8171611,-116.693441,17259,16063,1196,6.929717828379396
"Moses Lake, WA Micro Area",99145,5.4,8.1,20.0,66387,36616,34180,47.119015,-119.4904332,38635,34078,4557,11.795004529571631
"Moultrie, GA Micro Area",45813,6.1,4.2,23.1,47235,33480,34220,31.1803601,-83.7696152,19105,17172,1933,10.117770217220624
"Mountain Home, AR Micro Area",41801,5.1,5.7,17.4,47403,30575,34260,36.2820691,-92.3445222,22699,18936,3763,16.577822811577605
"Mountain Home, ID Micro Area",28752,6.4,3.2,22.0,55000,34424,34300,43.3073766,-115.5411027,12049,10663,1386,11.5030292970371
"Mount Airy, NC Micro Area",71429,4.9,4.1,25.9,52743,34851,34340,36.4135582,-80.7013751,33436,29659,3777,11.29620768034454
"Mount Pleasant, MI Micro Area",64938,7.2,5.3,18.6,52638,23021,34380,43.6306545,-84.8468516,28489,25191,3298,11.57639790796448
"Mount Pleasant, TX Micro Area",43844,4.4,3.6,21.1,56096,33708,34420,32.9723128,-94.9852858,17787,15620,2167,12.183055040197898
"Mount Sterling, KY Micro Area",47101,5.0,5.7,28.5,51889,35155,34460,38.1245248,-83.7249243,20847,18475,2372,11.378135942821508
"Mount Vernon, IL Micro Area",37043,6.5,4.7,19.7,58384,35911,34500,38.3010487,-88.9344303,16632,14945,1687,10.143097643097644
"Mount Vernon, OH Micro Area",62657,3.3,10.1,27.5,71246,36433,34540,40.4467896,-82.4056302,25797,23429,2368,9.179361941311006
"Mount Vernon-Anacortes, WA Metro Area",129480,5.1,10.6,26.6,82029,44391,34580,48.4596092,-121.7332784,55744,50371,5373,9.638705510907004
"Muncie, IN Metro Area",112156,6.1,5.7,21.0,53377,28511,34620,40.2193275,-85.4040612,51464,45453,6011,11.680009326908127
"Murray, KY Micro Area",37345,4.7,4.2,16.6,48276,29054,34660,36.6257937,-88.271076,17874,15108,2766,15.474991607922124
"Muscatine, IA Micro Area",42968,3.5,4.5,19.2,67427,39595,34700,41.4776121,-91.1210053,18366,16908,1458,7.93858216269193
"Muskogee, OK Micro Area",66606,5.7,6.4,21.4,50289,34137,34780,35.6630196,-95.3927706,29278,25525,3753,12.818498531320447
"Nacogdoches, TX Micro Area",64768,6.6,6.2,21.0,51153,26832,34860,31.5970503,-94.5927451,28877,24713,4164,14.419780448107492
"Napa, CA Metro Area",137384,5.2,11.0,25.6,105809,48702,34900,38.4898675,-122.3218414,55448,49738,5710,10.29793680565575
"Naples-Marco Island, FL Metro Area",380221,4.3,11.7,25.5,82011,39572,34940,26.087964,-81.3794941,228390,157921,70469,30.854678400980777
"Nashville-Davidson--Murfreesboro--Franklin, TN Metro Area",1990873,3.8,14.1,27.7,79020,43535,34980,35.8044159,-86.0512075,828009,772530,55479,6.700289489606997
"Natchez, MS-LA Micro Area",48102,8.9,2.2,21.8,37726,31552,35020,31.3941887,-91.6714379,23849,19911,3938,16.51222273470586
"Natchitoches, LA Micro Area",37478,8.9,2.7,24.0,41310,28658,35060,31.6464192,-93.1427138,18513,15213,3300,17.825311942959
"Newberry, SC Micro Area",37918,3.9,3.4,26.0,56706,35427,35140,34.3266879,-81.5830086,18213,15039,3174,17.427112502058968
"New Castle, IN Micro Area",48913,4.5,6.4,25.8,57632,37372,35220,39.9297608,-85.4043542,20952,18954,1998,9.536082474226804
"New Orleans-Metairie, LA Metro Area",1264357,6.7,8.6,26.1,62748,39943,35380,29.8502657,-90.1293894,571914,512253,59661,10.431813174708084
"New Philadelphia-Dover, OH Micro Area",92840,5.5,6.1,23.2,61953,37234,35420,40.3759469,-81.464888,40817,37711,3106,7.609574442021707
"Newport, OR Micro Area",50334,7.7,11.8,21.2,57794,32352,35440,44.6201742,-123.9276915,32066,22707,9359,29.18667747770224
"Newport, TN Micro Area",36186,6.2,4.7,29.5,45110,32661,35460,35.9467093,-83.103978,17808,15246,2562,14.38679245283019
"New Ulm, MN Micro Area",25880,2.7,7.7,15.7,67038,40869,35580,44.2350232,-94.6955051,11780,10970,810,6.8760611205432935
"Niles, MI Metro Area",153938,6.6,8.6,21.5,60379,35974,35660,41.9838614,-86.3985714,76821,63955,12866,16.748024628682263
"Nogales, AZ Micro Area",47838,9.8,5.8,23.3,51885,32114,35700,31.5094579,-110.847628,18729,16670,2059,10.99364621709648
"Norfolk, NE Micro Area",48667,2.3,6.1,16.3,63350,39268,35740,41.9064942,-97.5961512,20672,19150,1522,7.362616099071208
"North Platte, NE Micro Area",35827,3.3,3.8,15.5,63119,37168,35820,41.0245579,-100.7366742,17125,15137,1988,11.608759124087593
"North Wilkesboro, NC Micro Area",66125,6.0,7.6,27.6,49119,31917,35900,36.1998247,-81.1341351,31545,27612,3933,12.4679029957204
"Norwalk, OH Micro Area",58518,4.4,4.1,22.9,64144,37920,35940,41.1305303,-82.591828,25499,23406,2093,8.208165026079454
"Oak Harbor, WA Micro Area",86510,5.5,11.9,27.1,82850,43493,36020,48.2162669,-122.6842402,41922,35917,6005,14.324221172653976
"Ocala, FL Metro Area",378225,5.9,9.0,26.4,55265,33621,36100,29.2182454,-82.0626948,177380,156906,20474,11.542451234637502
"Odessa, TX Metro Area",162300,5.8,3.4,26.2,70566,45857,36220,31.8941755,-102.5794339,66086,57336,8750,13.24032321520443
"Oil City, PA Micro Area",50475,6.7,7.6,24.2,59278,35135,36340,41.3996112,-79.7709417,26156,21506,4650,17.777947698424835
"Okeechobee, FL Micro Area",39870,6.1,6.3,26.7,50476,33781,36380,27.3923408,-80.8873655,18484,14433,4051,21.91625189352954
"Oklahoma City, OK Metro Area",1428923,4.5,8.4,23.4,67963,39475,36420,35.5438102,-98.0031532,607725,552514,55211,9.084865687605411
"Olean, NY Micro Area",77000,5.4,6.8,22.4,56889,35062,36460,42.2234823,-78.6477096,40152,31863,8289,20.644052600119544
"Olympia-Lacey-Tumwater, WA Metro Area",294272,5.5,14.5,26.6,88895,47622,36500,46.9319983,-122.8855155,121438,115397,6041,4.974554916912334
"Oneonta, NY Micro Area",59678,5.0,8.5,23.1,65778,32458,36580,42.5984272,-75.0142701,29838,23414,6424,21.529593136269188
"Ontario, OR-ID Micro Area",57109,5.3,6.0,19.5,55155,32065,36620,44.0374651,-116.7651123,21299,19728,1571,7.375933142401052
"Opelousas, LA Micro Area",82574,6.9,5.7,29.8,44478,33204,36660,30.6174002,-92.0035057,36723,32499,4224,11.50232824115677
"Orangeburg, SC Micro Area",84159,9.2,5.6,29.5,41020,29990,36700,33.4054944,-80.778429,41197,33825,7372,17.894506881569047
"Orlando-Kissimmee-Sanford, FL Metro Area",2679298,5.3,13.0,29.4,71551,37051,36740,28.7006859,-81.78994,1087949,989354,98595,9.062465244234794
"Oshkosh-Neenah, WI Metro Area",171197,2.4,9.0,18.6,70041,40739,36780,44.0697014,-88.6516527,76046,71473,4573,6.013465534018883
"Oskaloosa, IA Micro Area",22059,3.3,5.9,18.2,65200,37431,36820,41.314939,-92.6489935,9680,8799,881,9.101239669421489
"Othello, WA Micro Area",20557,6.3,5.3,22.3,63105,30224,36830,46.9723633,-118.5934644,6735,6228,507,7.527839643652562
"Ottawa, IL Micro Area",148326,5.4,4.3,24.6,67181,38225,36837,41.4016294,-89.5341179,68485,61808,6677,9.749580200043804
"Ottawa, KS Micro Area",25968,2.6,8.5,24.1,68217,40329,36840,38.5720008,-95.3184483,11149,10233,916,8.215983496277692
"Ottumwa, IA Micro Area",35292,4.4,4.2,19.6,56209,37329,36900,41.0137597,-92.4140217,15734,14167,1567,9.959323757467905
"Owatonna, MN Micro Area",37396,3.4,6.9,18.1,79722,46153,36940,44.0137336,-93.2203671,15691,14823,868,5.531833535147537
"Owensboro, KY Metro Area",121147,4.3,4.5,21.0,64366,38971,36980,37.6877924,-87.0818357,51918,48373,3545,6.828075041411457
"Oxford, MS Micro Area",56172,2.8,5.5,21.7,59748,29232,37060,34.3519035,-89.4664677,28208,22362,5846,20.724617129892227
"Oxnard-Thousand Oaks-Ventura, CA Metro Area",842009,5.3,12.4,26.0,102141,44319,37100,34.4458248,-119.0779359,293080,279715,13365,4.560188344479323
"Ozark, AL Micro Area",49455,7.8,3.5,22.9,52813,33462,37120,31.3940969,-85.623763,22761,20159,2602,11.431835156627566
"Pahrump, NV Micro Area",51698,9.3,8.0,28.4,53602,35803,37220,38.3544843,-116.406961,25191,21763,3428,13.608034615537296
"Palatka, FL Micro Area",73604,8.9,7.9,31.7,44852,30369,37260,29.6266155,-81.7230549,36014,29569,6445,17.8958182928861
"Palestine, TX Micro Area",58077,3.9,3.2,23.2,57445,34750,37300,31.7819242,-95.6258199,20131,17371,2760,13.71019820177835
"Palm Bay-Melbourne-Titusville, FL Metro Area",610723,4.9,11.6,25.6,71308,39064,37340,28.2100203,-80.7997185,288794,257026,31768,11.000228536603943
"Pampa, TX Micro Area",22036,5.2,3.7,18.9,54852,34403,37420,35.3711816,-100.7892236,10426,8278,2148,20.602340303088432
"Paragould, AR Micro Area",45954,7.5,3.0,22.8,54879,34218,37500,36.091803,-90.5778883,19159,17673,1486,7.756145936635524
"Paris, TN Micro Area",32305,4.0,3.7,22.1,48025,33815,37540,36.3180775,-88.3108196,16937,13742,3195,18.86402550628801
"Paris, TX Micro Area",50149,3.9,5.8,19.4,58246,35330,37580,33.6383552,-95.582343,22644,20186,2458,10.854972619678502
"Parkersburg-Vienna, WV Metro Area",89474,5.1,7.1,21.1,54175,35178,37620,39.0287156,-81.3558282,43006,38403,4603,10.703157698925732
"Payson, AZ Micro Area",53419,6.9,8.8,22.2,55242,34446,37740,33.74162695,-110.68145790073925,32373,22312,10061,31.078367775615483
"Pella, IA Micro Area",33487,2.3,7.4,20.5,74193,44319,37800,41.3144108,-93.1010141,14073,13145,928,6.594187451147588
"Pensacola-Ferry Pass-Brent, FL Metro Area",510290,5.7,11.9,26.0,69374,36757,37860,30.6625885,-87.3451089,221244,197614,23630,10.68051562980239
"Peoria, IL Metro Area",401702,5.3,8.2,21.0,67718,41129,37900,41.0324537,-89.2998456,183579,165642,17937,9.770725409769092
"Peru, IN Micro Area",35952,4.5,4.3,24.8,59551,33977,37940,40.7454905,-86.0639451,14852,13348,1504,10.126582278481012
"Philadelphia-Camden-Wilmington, PA-NJ-DE-MD Metro Area",6232894,6.1,14.4,29.3,85555,48344,37980,39.6159851,-75.662956,2586947,2413835,173112,6.691748999882874
"Phoenix-Mesa-Chandler, AZ Metro Area",4864209,4.9,15.9,26.6,79935,43713,38060,33.34883,-112.49123,1985705,1790242,195463,9.843506462440292
"Picayune, MS Micro Area",56351,5.6,6.7,35.1,54220,33621,38100,30.7761604,-89.5984726,24641,21703,2938,11.923217401891158
"Pierre, SD Micro Area",20791,0.4,6.3,13.9,83641,45049,38180,44.4047339,-99.946102,9349,8484,865,9.252326452026956
"Pittsburg, KS Micro Area",39012,3.9,4.0,16.7,49779,30279,38260,37.503889,-94.8652466,17997,15668,2329,12.941045729843864
"Pittsburgh, PA Metro Area",2365501,5.1,13.2,26.6,71283,44740,38300,40.4597204,-79.9760405,1124531,1024382,100149,8.905846081610912
"Pittsfield, MA Metro Area",128763,5.3,10.5,21.0,69744,40817,38340,42.3999954,-73.2322639,69759,57015,12744,18.26861050187073
"Plainview, TX Micro Area",32525,4.7,2.3,18.2,50721,32891,38380,34.0266015,-101.2765537,13396,11396,2000,14.92982979994028
"Platteville, WI Micro Area",51842,3.1,9.4,20.6,63497,33733,38420,42.8855277,-90.6991696,22110,19956,2154,9.742198100407055
"Plattsburgh, NY Micro Area",79839,4.7,6.4,19.7,67097,41479,38460,44.7278943,-73.6686982,37315,32583,4732,12.681227388449685
"Plymouth, IN Micro Area",46208,3.0,4.3,22.9,66016,39470,38500,41.322843,-86.2809625,19654,17480,2174,11.061361554899769
"Pocatello, ID Metro Area",95352,5.3,8.7,17.9,60704,33393,38540,42.6936188,-112.2506044,37840,35127,2713,7.169661733615222
"Ponca City, OK Micro Area",43859,6.2,3.9,17.8,53746,33000,38620,36.8384462,-97.1571626,20968,17571,3397,16.2008775276612
"Pontiac, IL Micro Area",35771,3.7,6.4,21.6,68175,39569,38700,40.8682487,-88.5631125,15920,14396,1524,9.57286432160804
"Poplar Bluff, MO Micro Area",53119,5.0,5.2,21.9,46581,29360,38740,36.7151346,-90.4146358,24432,21496,2936,12.017026850032744
"Port Angeles, WA Micro Area",77333,5.4,11.4,20.1,66108,38027,38820,47.9998383,-123.7373472,37930,34113,3817,10.063274452939623
"Portland-South Portland, ME Metro Area",552916,3.4,14.9,25.0,84095,45483,38860,43.8506432,-70.4001498,280588,233160,47428,16.90307497113205
"Portland-Vancouver-Hillsboro, OR-WA Metro Area",2505312,5.1,17.7,25.8,90451,47443,38900,45.1608821,-122.2305038,1033420,979213,54207,5.245398773006135
"Port Lavaca, TX Micro Area",20127,3.4,1.8,18.0,62267,40404,38920,28.5031572,-96.6736551,10539,7614,2925,27.75405636208369
"Port St. Lucie, FL Metro Area",494081,5.5,10.0,27.9,69429,37088,38940,27.0673711,-80.3994412,229255,197747,31508,13.74364790299012
"Portsmouth, OH Micro Area",73716,7.5,6.1,26.8,46360,34384,39020,38.823448,-83.017141,33108,29612,3496,10.559381418388304
"Pottsville, PA Micro Area",143201,5.3,5.3,26.7,63574,40362,39060,40.6936632,-76.2277971,67128,57950,9178,13.672387081396732
"Prescott Valley-Prescott, AZ Metro Area",237830,4.9,11.0,23.7,62430,34148,39150,34.5668857,-112.5515965,121154,104425,16729,13.80804595803688
"Price, UT Micro Area",20338,6.7,6.2,17.3,53734,30142,39220,39.6023917,-110.6505023,9579,7950,1629,17.0059505167554
"Providence-Warwick, RI-MA Metro Area",1670949,5.8,9.3,26.3,81136,45920,39300,41.7425538,-71.0856545,726938,670567,56371,7.754581546156619
"Pueblo, CO Metro Area",168135,5.9,5.8,22.4,59436,38609,39380,38.187635,-104.5350145,71981,67095,4886,6.787902363123602
"Pullman, WA Micro Area",47141,6.7,8.9,16.8,49345,23259,39420,46.9428831,-117.5286172,20922,18650,2272,10.859382468215276
"Punta Gorda, FL Metro Area",189900,5.7,13.8,25.7,62164,33412,39460,26.9013269,-81.9156799,110046,85846,24200,21.99080384566454
"Quincy, IL-MO Micro Area",75570,4.1,5.8,17.7,61924,38128,39500,39.9787786,-91.2110065,34547,31102,3445,9.97192230873882
"Raleigh-Cary, NC Metro Area",1420825,4.2,20.1,27.0,91818,49056,39580,36.1028596,-78.2787229,576280,542396,33884,5.879780662178108
"Rapid City, SD Metro Area",140356,3.5,8.1,18.9,68363,36655,39660,43.6726477,-103.5101597,61510,56274,5236,8.512437002113478
"Raymondville, TX Micro Area",20308,8.7,7.9,19.0,42839,27012,39700,26.4553947,-97.5947484,6770,5714,1056,15.598227474150663
"Reading, PA Metro Area",428483,5.4,9.3,25.0,74617,41692,39740,40.4113762,-75.9433305,170742,161485,9257,5.421630296002156
"Red Bluff, CA Micro Area",65484,7.4,9.0,24.2,59029,36794,39780,40.1251334,-122.2015529,27341,24910,2431,8.891408507369885
"Redding, CA Metro Area",181852,6.6,7.4,20.2,68347,38355,39820,40.7965121,-121.9979194,79380,72836,6544,8.243890148652055
"Red Wing, MN Micro Area",47697,4.0,9.0,25.0,78338,45159,39860,44.396973,-92.7175627,20864,19499,1365,6.54236963190184
"Reno, NV Metro Area",490769,5.0,9.4,22.4,81576,42355,39900,38.9887898,-119.1822042,209196,193692,15504,7.411231572305398
"Rexburg, ID Micro Area",66006,7.5,11.8,17.0,56594,12955,39940,44.2309391,-111.4218314,22576,17388,5188,22.980155917788803
"Richmond, IN Micro Area",66522,4.5,5.4,20.1,54854,34036,39980,39.8638778,-85.0198586,30752,27409,3343,10.870837669094694
"Richmond, VA Metro Area",1316145,4.8,14.4,25.3,80877,45473,40060,37.3319664,-78.008448,551968,518667,33301,6.033139602295785
"Richmond-Berea, KY Micro Area",107093,5.8,6.8,25.6,57096,31411,40080,37.6896864,-83.9407279,46146,42023,4123,8.934685563212414
"Rio Grande City-Roma, TX Micro Area",65716,11.5,8.6,25.0,35979,21218,40100,26.5630409,-98.7479897,22980,19868,3112,13.542210617928632
"Riverside-San Bernardino-Ontario, CA Metro Area",4610050,6.9,9.1,33.1,81041,39454,40140,33.7219991,-116.0372472,1580448,1431119,149329,9.448523456640142
"Riverton, WY Micro Area",39402,8.2,8.7,17.3,60030,33439,40180,43.0293336,-108.5772551,17407,15146,2261,12.989027402769002
"Roanoke, VA Metro Area",314708,4.0,10.5,23.5,65687,40493,40220,37.5520825,-79.8029569,147601,132722,14879,10.080555009789908
"Roanoke Rapids, NC Micro Area",66300,8.8,5.9,24.4,42846,32969,40260,36.2494056,-77.66834,35305,28508,6797,19.25223056224331
"Rochelle, IL Micro Area",51672,6.0,6.2,27.0,75782,39935,40300,42.0397014,-89.3138599,22632,20870,1762,7.785436550017674
"Rochester, MN Metro Area",225911,3.2,10.8,20.6,86788,48984,40340,44.0175404,-92.8678406,97302,90673,6629,6.812809603091406
"Rochester, NY Metro Area",1086859,5.0,10.9,21.2,71349,42043,40380,42.7360902,-77.7781416,489463,450845,38618,7.889871144499176
"Rockford, IL Metro Area",338050,7.5,7.2,23.5,63834,37749,40420,42.321246,-88.8235511,145140,134568,10572,7.284001653575858
"Rockingham, NC Micro Area",43149,9.6,2.4,24.8,42354,30407,40460,35.0288383,-79.7333261,19605,17454,2151,10.9716908951798
"Rock Springs, WY Micro Area",42079,5.7,3.0,20.4,79375,46065,40540,41.6239475,-108.9702314,19145,16625,2520,13.16270566727605
"Rocky Mount, NC Metro Area",144082,7.2,7.5,23.6,53553,34756,40580,35.9213841,-77.5971695,66213,59064,7149,10.796973404014318
"Rolla, MO Micro Area",44843,4.2,6.1,20.3,53242,30733,40620,37.913292,-91.8168126,20174,17815,2359,11.69326856349757
"Rome, GA Metro Area",98541,4.1,5.1,23.4,57868,33759,40660,34.2421984,-85.2229248,40475,36883,3592,8.874613959234095
"Roseburg, OR Micro Area",111322,6.1,9.3,19.6,56440,34914,40700,43.1922115,-123.1135963,49774,45817,3957,7.94993370032547
"Roswell, NM Micro Area",64701,5.3,3.5,18.3,49673,31208,40740,33.2993426,-104.5133481,26658,23521,3137,11.767574461700052
"Ruidoso, NM Micro Area",20222,5.3,13.6,20.8,47919,26641,40760,33.7525727,-105.4158806,17624,9148,8476,48.09350885156605
"Russellville, AR Micro Area",83817,4.5,4.9,21.1,52259,31714,40780,35.453867,-93.0498623,36148,31918,4230,11.701892220869755
"Ruston, LA Micro Area",48323,4.2,9.9,18.4,37001,22957,40820,32.598162,-92.6792848,20370,18075,2295,11.26656848306333
"Rutland, VT Micro Area",60585,4.3,8.1,22.8,62641,38569,40860,43.574224,-73.02562162378587,33869,26651,7218,21.311523812335764
"Sacramento-Roseville-Folsom, CA Metro Area",2394673,5.7,15.7,27.5,89227,46404,40900,38.7574137,-120.5276129,933562,868460,65102,6.97350577679897
"Safford, AZ Micro Area",38453,6.0,4.2,23.1,64089,32166,40940,32.8397096,-109.8685752,13704,12150,1554,11.339754816112084
"Saginaw, MI Metro Area",189821,6.6,7.0,22.0,56579,35019,40980,43.3326882,-84.0468403,85953,78442,7511,8.738496620245948
"St. Cloud, MN Metro Area",199922,4.3,8.0,21.9,72564,40094,41060,45.7162129,-94.0481042,82999,76927,6072,7.315750792178218
"St. George, UT Metro Area",183297,3.1,13.4,18.5,71976,34305,41100,37.2393471,-113.525776,74530,62416,12114,16.253857507044142
"St. Joseph, MO-KS Metro Area",121952,4.4,5.9,18.9,61030,36514,41140,39.7831556,-95.1776492,53437,47703,5734,10.73039279899695
"St. Louis, MO-IL Metro Area",2813523,4.4,11.9,25.3,75316,44494,41180,38.8630331,-89.4391416,1258862,1149824,109038,8.661632490296792
"St. Marys, PA Micro Area",30886,6.5,2.6,17.7,61672,37785,41260,41.437362,-78.626009,16836,13590,3246,19.280114041339985
"Salem, OH Micro Area",101723,4.9,4.7,24.7,55473,33774,41400,40.7787016,-80.7648602,46091,41706,4385,9.513787941246663
"Salem, OR Metro Area",433415,5.4,11.3,24.7,72154,37569,41420,44.8964425,-122.7203248,162369,154721,7648,4.7102587316544415
"Salina, KS Micro Area",59928,3.6,5.5,16.1,60896,35532,41460,39.1273653,-97.6568094,26757,24568,2189,8.181036738049857
"Salinas, CA Metro Area",437609,5.3,8.7,25.0,91043,36654,41500,36.2231079,-121.387742,143631,131789,11842,8.244738252884126
"San Angelo, TX Metro Area",122229,3.1,6.9,19.3,66832,36242,41660,31.2931196,-100.980073,52770,47794,4976,9.429600151601289
"San Antonio-New Braunfels, TX Metro Area",2570862,5.2,11.0,26.8,70910,38358,41700,28.8554434,-98.5316314,1015678,925609,90069,8.867869541331013
"San Diego-Chula Vista-Carlsbad, CA Metro Area",3289701,6.3,14.9,26.1,96974,46264,41740,32.9637838,-116.7706277,1228505,1158764,69741,5.676899971917086
"Sandpoint, ID Micro Area",47976,3.5,10.3,23.9,61816,32943,41760,48.2663565,-116.5952716,26312,19619,6693,25.437062937062937
"Sanford, NC Micro Area",63560,5.2,4.7,25.8,60941,36419,41820,35.4691746,-79.1547643,26583,24575,2008,7.553699732912012
"San Jose-Sunnyvale-Santa Clara, CA Metro Area",1981584,4.5,19.1,27.9,151713,69357,41940,36.6231225,-121.1157794,708400,675547,32853,4.637634105025409
"San Luis Obispo-Paso Robles, CA Metro Area",281712,5.0,13.0,21.6,90158,37744,42020,35.3540209,-120.375716,123715,107797,15918,12.866669361031402
"Santa Cruz-Watsonville, CA Metro Area",268571,5.9,16.3,26.7,104409,43224,42100,37.050096,-121.99059,106345,96261,10084,9.482345197235412
"Santa Fe, NM Metro Area",154481,5.4,15.0,23.6,70522,36978,42140,35.4859674,-106.01355,76877,68020,8857,11.521001079646709
"Santa Maria-Santa Barbara, CA Metro Area",445213,6.0,11.2,20.9,92332,36219,42200,34.7136533,-119.985823,158279,148353,9926,6.271204644962376
"Santa Rosa-Petaluma, CA Metro Area",488436,5.2,13.0,25.4,99266,46987,42220,38.5110803,-122.8473388,204742,187701,17041,8.323157925584395
"Sault Ste. Marie, MI Micro Area",36670,7.7,6.5,17.9,58408,29063,42300,46.3111149,-84.6428564,20268,13837,6431,31.7298204065522
"Savannah, GA Metro Area",406575,6.1,7.6,24.8,70705,37351,42340,32.0034889,-81.4241017,175166,156817,18349,10.475206375666511
"Sayre, PA Micro Area",60159,4.8,6.6,23.7,60650,39368,42380,41.7746685,-76.5264613,29363,24789,4574,15.577427374587066
"Scottsbluff, NE Micro Area",37880,3.5,6.0,14.0,59842,37264,42420,41.5584661,-103.7433155,17526,15471,2055,11.72543649435125
"Scottsboro, AL Micro Area",52618,6.0,3.9,27.3,46748,33822,42460,34.7692447,-85.9867941,24627,21733,2894,11.751329841231168
"Scranton--Wilkes-Barre, PA Metro Area",567287,5.4,8.2,23.0,62318,37744,42540,41.4406084,-75.6260271,263327,233994,29333,11.139381833233964
"Searcy, AR Micro Area",77118,5.2,3.7,23.5,51144,31667,42620,35.2463042,-91.7169687,33270,29705,3565,10.71535918244665
"Seattle-Tacoma-Bellevue, WA Metro Area",4001701,4.6,18.7,30.2,107206,57183,42660,47.4873376,-121.8622122,1650246,1564432,85814,5.200073201207578
"Sedalia, MO Micro Area",43059,3.9,6.3,19.0,57581,34158,42740,38.7346291,-93.2991713,18563,16588,1975,10.63944405537898
"Selinsgrove, PA Micro Area",39797,2.2,7.0,23.5,65914,35737,42780,40.7615395,-77.0909536,15978,14753,1225,7.66679183877832
"Selma, AL Micro Area",38326,9.1,4.1,26.0,37180,28574,42820,32.3117968,-87.1046643,18880,16037,2843,15.058262711864408
"Seneca, SC Micro Area",78775,5.8,6.7,25.4,56710,35309,42860,34.7622221,-83.1099645,40788,33241,7547,18.50299107580661
"Seneca Falls, NY Micro Area",33651,4.5,7.3,21.2,64050,38377,42900,42.7831619,-76.8386051,16096,13414,2682,16.662524850894634
"Sevierville, TN Micro Area",98455,3.5,7.1,26.6,60103,32525,42940,35.8047065,-83.5291901,56240,39520,16720,29.72972972972973
"Seymour, IN Micro Area",46212,2.7,3.4,22.5,65609,41534,42980,38.9023184,-86.0650856,19069,17809,1260,6.607582988095863
"Shawano, WI Micro Area",45127,3.4,9.1,23.4,65222,36166,43020,45.0154357,-88.7089153,22499,18500,3999,17.77412329436864
"Shawnee, OK Micro Area",72734,5.8,5.8,24.4,58270,34436,43060,35.1783637,-96.969909,29973,26817,3156,10.529476528875987
"Sheboygan, WI Metro Area",117741,2.8,7.8,17.8,68969,43955,43100,43.7128967,-87.9370433,52303,48702,3601,6.8848823203257945
"Shelbyville, TN Micro Area",50533,4.6,6.3,26.4,59955,33930,43180,35.5099479,-86.4507189,19685,18350,1335,6.781813563627128
"Shelton, WA Micro Area",66053,6.2,9.9,35.3,74388,41700,43220,47.3429635,-123.1822758,33269,25505,7764,23.337040488142115
"Sheridan, WY Micro Area",31176,3.0,8.8,15.9,68898,41215,43260,44.7947537,-106.8222688,14884,13349,1535,10.313087879602255
"Sherman-Denison, TX Metro Area",137008,3.9,9.0,25.7,66608,38087,43300,33.5636114,-96.6702111,58572,52307,6265,10.696237109881856
"Show Low, AZ Micro Area",107110,9.7,8.0,23.1,50335,32133,43320,35.1819775,-110.3549451,56180,36836,19344,34.43218227127092
"Shreveport-Bossier City, LA Metro Area",391957,7.5,5.0,21.9,53053,34995,43340,32.6676663,-93.5959786,179915,159810,20105,11.17472139621488
"Sidney, OH Micro Area",48145,4.9,4.8,18.9,73502,42225,43380,40.3491604,-84.1593008,20059,18803,1256,6.261528490951693
"Sierra Vista-Douglas, AZ Metro Area",125504,6.8,8.8,21.7,58421,35100,43420,31.8514532,-109.8181858,58648,50936,7712,13.1496385213477
"Sikeston, MO Micro Area",38055,2.9,4.1,20.2,54621,33728,43460,36.837087,-89.3336141,16746,15306,1440,8.599068434252956
"Silver City, NM Micro Area",28006,7.7,13.0,19.3,44895,25297,43500,32.7548776,-108.3634144,14584,12269,2315,15.87356006582556
"Sioux City, IA-NE-SD Metro Area",149113,4.1,5.3,17.6,69065,38861,43580,42.3775361,-96.0607187,60201,56332,3869,6.426803541469411
"Snyder, TX Micro Area",16883,2.2,3.0,18.5,58932,36313,43660,32.7225172,-100.9052015,6889,5925,964,13.993322688343737
"Somerset, KY Micro Area",65145,4.9,3.6,22.7,48768,32945,43700,37.1124781,-84.593893,31552,26405,5147,16.312753549695742
"Somerset, PA Micro Area",73802,5.2,7.3,24.8,57357,34478,43740,39.9980022,-79.0415528,37713,30208,7505,19.90029963142683
"Sonora, CA Micro Area",54993,8.3,11.0,29.6,70432,35743,43760,38.056944,-119.9919351,31415,22711,8704,27.706509629158045
"South Bend-Mishawaka, IN-MI Metro Area",323992,4.8,7.8,21.9,62448,36449,43780,41.5941578,-86.2787334,143414,128014,15400,10.738142719678692
"Spartanburg, SC Metro Area",330119,4.7,7.0,24.2,61955,37562,43900,34.937029,-81.9955954,137009,125836,11173,8.154938726652993
"Spearfish, SD Micro Area",26047,2.5,6.2,19.1,62977,32696,43940,44.3501591,-103.8248538,14163,11444,2719,19.19791004730636
"Spencer, IA Micro Area",16423,4.1,7.7,17.6,61756,36353,43980,43.0809373,-95.1407762,8109,7222,887,10.93846343568874
"Spirit Lake, IA Micro Area",17692,2.1,9.5,16.2,72446,38675,44020,43.3753018,-95.1654279,13691,7976,5715,41.742750712146666
"Spokane-Spokane Valley, WA Metro Area",585485,5.7,12.1,22.7,69752,39908,44060,47.5354964,-117.4074674,246261,231275,14986,6.085413443460394
"Springfield, IL Metro Area",208406,5.2,9.8,19.8,72445,44176,44100,40.0166667,-89.7858065,98573,89506,9067,9.198259158187334
"Springfield, MA Metro Area",689486,5.9,10.5,23.1,70547,41510,44140,42.1285315,-72.6063441,297623,278127,19496,6.550569008443567
"Springfield, MO Metro Area",477056,3.9,7.9,22.5,58291,35736,44180,36.9586087,-93.1692896,207779,192076,15703,7.557549126716367
"Springfield, OH Metro Area",135877,6.8,7.0,22.5,58954,36753,44220,39.9229676,-83.7905959,60987,55844,5143,8.432944725925196
"Starkville, MS Micro Area",61330,6.7,6.3,20.9,45358,25725,44260,33.4131096,-88.8937318,30438,25077,5361,17.612852355608123
"State College, PA Metro Area",158665,4.0,12.1,20.4,70087,33014,44300,40.9381735,-77.7865722,65408,59357,6051,9.25116193737769
"Statesboro, GA Micro Area",79829,8.3,6.7,24.5,53675,27964,44340,32.3846338,-81.744832,32983,29747,3236,9.811114816723766
"Steamboat Springs, CO Micro Area",24944,2.9,16.2,19.7,95144,48837,44460,40.6083135,-108.252345,16511,10388,6123,37.08436799709285
"Stephenville, TX Micro Area",42788,5.6,6.9,19.8,59654,30108,44500,32.1954856,-98.2213499,18325,15858,2467,13.462482946793996
"Sterling, CO Micro Area",21302,3.2,7.6,17.4,54864,34112,44540,40.7250975,-103.1221379,8668,7919,749,8.640978311029073
"Sterling, IL Micro Area",55569,4.4,4.1,19.9,62828,39454,44580,41.7612332,-89.9214744,25855,23556,2299,8.891897118545735
"Stillwater, OK Micro Area",82058,4.8,7.7,18.6,46658,25107,44660,36.0721527,-96.9456522,36708,30958,5750,15.664160401002505
"Storm Lake, IA Micro Area",20687,5.0,6.0,14.8,62662,36555,44740,42.7445814,-95.1127525,8141,7447,694,8.524751259059084
"Sturgis, MI Micro Area",60887,5.3,5.7,20.9,62281,36171,44780,41.9031963,-85.5356726,27081,23557,3524,13.012813411617
"Sulphur Springs, TX Micro Area",37008,4.8,5.4,23.4,63766,35270,44860,33.1368252,-95.5656578,15671,13947,1724,11.0012124306043
"Summerville, GA Micro Area",24902,4.7,2.8,27.4,43556,32474,44900,34.4620931,-85.3660518,10854,9520,1334,12.290399852588909
"Sumter, SC Metro Area",136362,7.8,4.3,23.9,52942,33854,44940,33.8998826,-80.3237032,62569,54514,8055,12.873787338777989
"Sunbury, PA Micro Area",91340,4.7,7.4,25.4,55952,37490,44980,41.0289528,-76.6615816,43300,37932,5368,12.397228637413397
"Susanville, CA Micro Area",31873,7.9,5.7,20.1,59515,39272,45000,40.7685579,-120.730998,12216,9888,2328,19.05697445972495
"Sweetwater, TX Micro Area",14657,6.6,3.1,17.9,47437,30436,45020,32.2719306,-100.3987748,7123,5857,1266,17.77341008002246
"Syracuse, NY Metro Area",658694,5.8,9.2,21.3,70096,41050,45060,42.875882,-75.6802581,296364,268611,27753,9.364497712272746
"Tahlequah, OK Micro Area",47412,5.6,6.0,24.8,52410,31986,45140,35.9158661,-94.9950063,22033,18023,4010,18.199972768120546
"Talladega-Sylacauga, AL Micro Area",81105,8.4,2.8,26.8,52457,34188,45180,32.9181762,-86.2327497,37948,33090,4858,12.801728681353431
"Tallahassee, FL Metro Area",386064,5.4,10.4,22.7,59757,33978,45220,30.5937346,-84.6389937,172730,155677,17053,9.872633589995948
"Tampa-St. Petersburg-Clearwater, FL Metro Area",3194310,4.9,15.2,27.7,67197,40868,45300,28.5710156,-82.4605068,1465158,1307725,157433,10.745121004014583
"Taos, NM Micro Area",34475,5.9,15.0,22.6,55145,29458,45340,36.4925795,-105.6812782,20904,15747,5157,24.6699196326062
"Taylorville, IL Micro Area",33893,4.4,5.6,22.0,56933,36623,45380,39.5212598,-89.2829783,15184,13721,1463,9.635142255005269
"Terre Haute, IN Metro Area",185357,5.8,4.7,23.0,56449,34163,45460,39.3864958,-87.1025862,82185,72746,9439,11.485064184461883
"Texarkana, TX-AR Metro Area",147453,5.4,3.8,20.0,53628,37059,45500,33.6968793,-94.2065398,65358,57684,7674,11.74148535756908
"The Dalles, OR Micro Area",26639,7.1,7.1,17.6,61316,36914,45520,45.0430227,-121.2154207,11996,10553,1443,12.029009669889962
"Thomaston, GA Micro Area",27638,3.1,2.4,23.7,48740,34152,45580,32.8641062,-84.2904968,12301,11173,1128,9.169986179985369
"Thomasville, GA Micro Area",45665,6.2,5.8,19.8,55958,36561,45620,30.867067,-84.2322943,20668,18440,2228,10.779949680665764
"Tiffin, OH Micro Area",55062,4.2,4.8,21.2,62476,36332,45660,41.12350185,-83.12789884701573,23934,22017,1917,8.009526197041865
"Tifton, GA Micro Area",41247,2.9,4.2,21.1,52561,35181,45700,31.45874595,-83.51792416411274,17375,15921,1454,8.368345323741007
"Toccoa, GA Micro Area",26732,5.8,6.2,23.2,52901,30210,45740,34.55119,-83.2976462,12317,10618,1699,13.793943330356417
"Toledo, OH Metro Area",644547,5.9,6.3,21.1,61620,36952,45780,41.6045817,-84.1141048,303295,269650,33645,11.093160124631137
"Topeka, KS Metro Area",232995,3.9,8.8,20.7,65665,40763,45820,39.4030917,-95.8159647,104349,94837,9512,9.115564116570356
"Torrington, CT Micro Area",185765,5.5,11.0,28.7,89394,49566,45860,41.77750015,-73.21249993069905,87615,77502,10113,11.542544084916967
"Trenton-Princeton, NJ Metro Area",383732,6.1,15.6,27.5,92697,47012,45940,40.2807177,-74.7033717,150442,139361,11081,7.3656292790577105
"Troy, AL Micro Area",32997,4.9,3.6,20.3,42616,28119,45980,31.7615793,-85.9259465,15977,13901,2076,12.993678412718282
"Truckee-Grass Valley, CA Micro Area",102322,4.4,21.8,24.3,79395,41231,46020,39.3540335,-120.8089843,53627,42774,10853,20.237939843735436
"Tucson, AZ Metro Area",1042393,5.9,12.1,24.5,64323,35472,46060,32.1112624,-111.6546163,470132,427021,43111,9.16997779347077
"Tullahoma-Manchester, TN Micro Area",107618,3.8,7.5,24.4,58259,34776,46100,35.4906115,-86.069633,47301,42246,5055,10.686877655863512
"Tulsa, OK Metro Area",1017724,5.1,8.3,21.9,65784,39203,46140,35.8830723,-96.3835476,437257,397385,39872,9.11866476694484
"Tupelo, MS Micro Area",163378,4.6,3.6,23.1,59860,36735,46180,34.2774018,-88.3713687,72617,64214,8403,11.57167054546456
"Tuscaloosa, AL Metro Area",272931,5.6,5.3,24.3,58132,33648,46220,32.8620514,-87.9915392,121710,106925,14785,12.147728206392244
"Twin Falls, ID Metro Area",115066,3.2,6.9,18.9,62912,34075,46300,42.702266,-114.286704,43262,40859,2403,5.554528223383107
"Tyler, TX Metro Area",234667,4.7,7.0,23.2,69053,36490,46340,32.3402898,-95.2563971,97539,88567,8972,9.198371933277972
"Ukiah, CA Micro Area",91145,9.1,10.2,21.7,61335,34738,46380,39.3176491,-123.4126399,41370,36280,5090,12.303601643703166
"Union City, TN Micro Area",30670,5.0,3.8,19.8,50638,34118,46460,36.3556031,-89.1748819,14314,12928,1386,9.682828000558894
"Urbana, OH Micro Area",38715,4.5,6.9,26.5,70486,40108,46500,40.1726987,-83.7701999,16862,15638,1224,7.258925394377891
"Urban Honolulu, HI Metro Area",1010100,4.8,7.5,27.4,99816,46314,46520,21.468151,-157.960511,370665,336412,34253,9.24095881726087
"Utica-Rome, NY Metro Area",291348,4.4,8.2,21.3,66823,40886,46540,43.4911326,-74.9481252,137254,119164,18090,13.1799437539161
"Uvalde, TX Micro Area",24833,3.2,3.3,17.6,55000,29080,46620,29.300357,-99.7733181,10034,8624,1410,14.052222443691448
"Valdosta, GA Metro Area",148203,4.8,4.1,20.4,51216,33324,46660,30.8336559,-83.5958387,61597,55422,6175,10.024838872022988
"Vallejo, CA Metro Area",450995,5.9,9.6,32.7,97037,48170,46700,38.2218938,-121.9163555,162237,155924,6313,3.891220868235976
"Van Wert, OH Micro Area",28833,3.8,3.6,20.2,64841,40811,46780,40.8014651,-84.600988,12540,11589,951,7.583732057416268
"Vermillion, SD Micro Area",14953,8.2,7.6,16.9,55963,22296,46820,42.9190617,-96.9712933,6180,5564,616,9.967637540453074
"Vernal, UT Micro Area",35951,6.3,5.8,19.6,67983,34296,46860,40.1943199,-109.5770955,13657,11993,1664,12.184227868492348
"Vernon, TX Micro Area",12795,9.3,3.3,16.0,50769,28135,46900,34.0265157,-99.2085961,5836,4944,892,15.284441398217956
"Vicksburg, MS Micro Area",44341,4.7,2.6,21.1,54117,34101,46980,32.3649516,-90.7975574,21452,18480,2972,13.85418608987507
"Victoria, TX Metro Area",98301,5.1,6.0,22.2,66105,35823,47020,28.6467776,-97.4379552,42461,37266,5195,12.234756600174276
"Vidalia, GA Micro Area",35633,6.3,4.9,25.3,47430,33340,47080,32.0839135,-82.539273,15767,13662,2105,13.35066911904611
"Vincennes, IN Micro Area",36148,3.2,2.1,20.6,58173,37069,47180,38.687009,-87.3811461,16917,14783,2134,12.614529762960336
"Vineyard Haven, MA Micro Area",20543,7.0,17.7,15.7,93225,45503,47240,41.3926378,-70.642011,17530,8932,8598,49.04734740444952
"Visalia, CA Metro Area",473446,9.0,5.2,23.2,64474,33102,47300,36.2516475,-118.852583,150652,141987,8665,5.751666091389427
"Wabash, IN Micro Area",31032,3.5,4.7,20.5,66194,37969,47340,40.8065352,-85.7833563,14037,12721,1316,9.37522262591722
"Waco, TX Metro Area",278103,4.6,6.9,20.8,59193,33336,47380,31.8778358,-97.6561014,113237,102485,10752,9.49512968376061
"Wahpeton, ND-MN Micro Area",23002,3.2,7.0,20.1,67099,38603,47420,46.3258354,-96.4586194,10473,9445,1028,9.815716604602311
"Walla Walla, WA Metro Area",62150,5.8,10.4,15.1,66635,34419,47460,46.2055155,-118.5174284,24971,23082,1889,7.564775139161426
"Wapakoneta, OH Micro Area",46263,2.9,4.8,18.7,75231,44054,47540,40.5942186,-84.2641951,19873,18602,1271,6.3956121370703976
"Warner Robins, GA Metro Area",192171,5.1,7.5,22.7,73788,42185,47580,32.4659752,-83.631394,78624,72808,5816,7.397232397232398
"Warren, PA Micro Area",38492,4.3,4.3,20.1,57925,34778,47620,41.8119602,-79.2654452,21587,16618,4969,23.01848334645852
"Warrensburg, MO Micro Area",54025,4.8,5.2,23.1,62503,32761,47660,38.7295547,-93.8161034,22601,20321,2280,10.088049201362772
"Warsaw, IN Micro Area",80442,3.3,7.0,20.0,70945,40436,47700,41.2351957,-85.8529731,38133,31196,6937,18.191592583851257
"Washington, IN Micro Area",33337,1.9,4.7,23.1,64113,40042,47780,38.6776099,-87.0813484,12738,11737,1001,7.858376511226252
"Washington, NC Micro Area",44711,5.6,7.1,24.1,56081,35833,47820,35.469331,-76.8927522,24090,19430,4660,19.344126193441262
"Washington-Arlington-Alexandria, DC-VA-MD-WV Metro Area",6346083,4.9,19.3,33.7,119803,60914,47900,38.88905915,-77.04016998008728,2500128,2360771,139357,5.573994611475892
"Washington Court House, OH Micro Area",28901,4.3,4.4,26.8,56773,37451,47920,39.5839889,-83.4401122,12663,11752,911,7.194187791202716
"Waterloo-Cedar Falls, IA Metro Area",168404,4.7,8.2,17.6,66732,37201,47940,42.4607526,-92.3030235,74508,68938,5570,7.47570730659795
"Watertown, SD Micro Area",34598,1.7,5.6,15.5,67993,38715,47980,44.9695646,-97.1976513,15970,14181,1789,11.202254226675016
"Watertown-Fort Atkinson, WI Micro Area",85932,3.4,7.9,25.3,77018,41499,48020,43.0224668,-88.7673031,36376,33844,2532,6.960633384649219
"Watertown-Fort Drum, NY Metro Area",117445,6.4,6.3,19.6,62782,36719,48060,44.059311,-75.9995742,61604,45480,16124,26.17362508927992
"Waycross, GA Micro Area",55739,3.5,3.2,23.3,49055,32859,48180,31.3430068,-82.2352189,24218,21157,3061,12.639359154348009
"Weatherford, OK Micro Area",28391,2.9,3.0,18.7,58669,31270,48220,35.6286063,-99.0092034,12932,10859,2073,16.030003093102383
"Weirton-Steubenville, WV-OH Metro Area",116536,6.3,7.0,23.7,54142,34345,48260,40.3792938,-80.7847619,56085,49945,6140,10.947668717125792
"West Plains, MO Micro Area",39960,5.5,3.2,20.7,46401,30733,48460,36.766989,-91.9151975,18048,16117,1931,10.69924645390071
"Wheeling, WV-OH Metro Area",139287,5.4,4.8,24.3,56691,32845,48540,40.0057737,-81.0097516,67516,58608,8908,13.193909591800464
"Wichita, KS Metro Area",646794,5.0,6.5,20.3,66643,38526,48620,37.77924,-96.8456342,275434,252298,23136,8.399834443097076
"Wichita Falls, TX Metro Area",148523,3.9,5.9,16.8,60641,34402,48660,33.5816594,-98.7044869,64513,56665,7848,12.1649900020151
"Williamsport, PA Metro Area",114022,5.3,6.3,20.7,63437,36135,48700,41.3472688,-77.0220348,52625,46603,6022,11.443230403800476
"Williston, ND Micro Area",39076,2.5,2.9,16.9,86139,50925,48780,48.3629861,-103.4958386,20227,16095,4132,20.42814060414298
"Willmar, MN Micro Area",43686,3.8,7.5,17.5,73285,38232,48820,45.142373,-95.0025846,19950,17079,2871,14.390977443609025
"Wilmington, NC Metro Area",289726,5.1,14.0,22.6,68845,39353,48900,34.0718195,-78.1914215,143295,121071,22224,15.509264105516593
"Wilmington, OH Micro Area",42077,4.7,6.1,26.1,64210,35664,48940,39.4259873,-83.8445792,17906,16464,1442,8.05316653635653
"Wilson, NC Micro Area",78667,6.6,5.2,22.6,49827,34991,48980,35.7059114,-77.9175714,36252,32222,4030,11.11662804810769
"Winchester, VA-WV Metro Area",143385,5.0,9.4,31.0,79416,43674,49020,39.2127031,-78.279166,60615,55089,5526,9.116555308092057
"Winnemucca, NV Micro Area",17266,4.3,8.8,27.9,75574,44556,49080,41.429394,-118.2024818,7658,6575,1083,14.142073648472186
"Winona, MN Micro Area",49792,2.8,8.2,17.5,66162,33289,49100,43.9582272,-91.7807784,21716,20111,1605,7.3908638791674335
"Winston-Salem, NC Metro Area",678243,5.2,8.9,24.3,60145,37249,49180,35.7902384,-80.2115053,301571,276135,25436,8.434498012076757
"Wisconsin Rapids-Marshfield, WI Micro Area",74138,4.2,7.7,20.9,63273,40450,49220,44.4517617,-90.0199618,34549,32238,2311,6.689050334307795
"Woodward, OK Micro Area",24166,5.8,2.9,21.6,60873,34962,49260,36.374499,-99.2455382,11514,9309,2205,19.150599270453363
"Wooster, OH Micro Area",116680,3.3,6.2,20.2,70320,37892,49300,40.8615819,-81.9034617,46555,43983,2572,5.524648265492428
"Worthington, MN Micro Area",22194,3.0,5.4,18.9,62973,35849,49380,43.6634212,-95.7527672,8394,7851,543,6.468906361686918
"Yakima, WA Metro Area",256143,7.2,5.4,19.7,64910,34577,49420,46.4135961,-120.730253,90504,85882,4622,5.106956598603377
"Yankton, SD Micro Area",23311,1.6,5.5,14.7,68847,41085,49460,43.0115255,-97.3967561,10372,9435,937,9.033937524103356
"York-Hanover, PA Metro Area",457051,4.6,9.1,26.8,79183,44067,49620,39.97314305,-76.74297462376592,187187,177553,9634,5.14672493282119
"Yuba City, CA Metro Area",180806,7.5,6.7,29.5,70176,38520,49700,38.9509675,-121.697088,63957,60070,3887,6.077520834310553
"Yuma, AZ Metro Area",204374,8.3,5.9,20.8,56439,32675,49740,32.7915374,-113.897503,92048,69589,22459,24.399226490526683
"Zanesville, OH Micro Area",86393,4.6,4.3,25.0,56810,36022,49780,40.0064162,-81.9984697,38358,35091,3267,8.517128108869075
"Zapata, TX Micro Area",13896,8.1,6.7,24.0,35061,24990,49820,26.9879626,-99.1673556,6159,4536,1623,26.35168046760838
